,link_site,longitude,date_link_,latitude
0,bk-01-138951,-73.94248859,2017-07-01,40.70166753
1,bk-01-109091,-73.9421692831,2017-07-01,40.7015421938
2,bk-01-143982,-73.94223923850001,2017-07-01,40.701930343899996
3,bk-01-109262,-73.94291758,2017-04-28,40.70506042
4,bk-01-125268,-73.953439,2017-03-31,40.728133
5,bk-01-140988,-73.95786908,2017-11-03,40.71777024
6,bk-06-125931,-73.98193577,2017-02-24,40.67455551
7,bk-06-125930,-73.97973799,2017-02-24,40.67761961
8,bk-08-125716,-73.97406,2017-11-03,40.679567999999996
9,bk-06-126514,-73.9743714571,2017-11-03,40.6796385839
10,bk-08-126502,-73.9732527771,2017-11-03,40.6784527943
11,bk-07-125916,-73.990353,2017-06-27,40.664176
12,bk-06-125910,-73.98695629,2017-02-23,40.66853323
13,bk-06-125626,-73.986317,2017-02-24,40.669018
14,bk-06-125921,-73.98595804,2017-02-23,40.66973105
15,bk-06-117250,-73.982789,2017-06-27,40.673534000000004
16,bk-02-126505,-73.977006,2017-06-30,40.683625
17,bk-02-126565,-73.980613,2016-11-13,40.688851
18,bk-02-125833,-73.98086659,2017-09-30,40.68521833
19,bk-02-126166,-73.99314691,2017-10-07,40.687900799999994
20,bk-06-126392,-73.9945262014,2017-08-10,40.685389756199996
21,bk-06-126394,-73.99575348260001,2017-08-10,40.6824829166
22,bk-02-127278,-73.99002262,2017-07-01,40.6874966
23,bk-02-126506,-73.98042355,2016-11-13,40.68764898
24,bx-07-111540,-73.90457508,2017-02-18,40.86311405
25,bx-05-116218,-73.89305944,2016-05-12,40.86021467
26,bx-07-119564,-73.90324404,2016-08-13,40.86264365
27,bx-05-119575,-73.898023,2016-07-01,40.861349
28,bx-05-119587,-73.89858091,2016-05-12,40.86165512
29,bx-05-119628,-73.89855259,2016-05-12,40.85915372
30,bx-07-119787,-73.90454701,2017-02-18,40.86285548
31,bx-05-119570,-73.89952057,2017-05-10,40.86208577
32,bx-07-119793,-73.89182996,2016-08-27,40.86199332
33,mn-05-122622,-73.98336787,2016-07-19,40.76582962
34,mn-05-122514,-73.9818592899,2017-05-26,40.7670078115
35,mn-05-122522,-73.98198781,2016-05-26,40.76617479
36,mn-05-123647,-73.98920582,2016-10-29,40.74320284
37,mn-05-108039,-73.98901592,2016-10-01,40.74424305
38,mn-05-139806,-73.98867089,2016-10-15,40.74512705
39,mn-05-122180,-73.988399,2016-04-16,40.746624
40,mn-05-122053,-73.9881009,2016-11-12,40.74813894
41,mn-05-122369,-73.988006,2016-04-30,40.749663
42,mn-05-122057,-73.98757374,2016-06-04,40.75233922
43,mn-05-122175,-73.98738603,2016-07-23,40.75305908
44,mn-05-122169,-73.98693515,2016-07-23,40.75449299
45,mn-05-122171,-73.98635944,2016-07-23,40.75485087
46,mn-05-133361,-73.98454079999999,2016-05-14,40.76041294
47,mn-05-134185,-73.98485670000001,2016-05-14,40.76026604
48,mn-05-122088,-73.98442,2016-04-30,40.760646
49,mn-05-133511,-73.9842828918,2016-04-30,40.760632174499996
50,mn-05-134155,-73.98463363,2016-05-26,40.76071760000001
51,mn-05-133508,-73.98427739,2016-05-26,40.76088277
52,mn-05-133505,-73.98307690000001,2016-10-01,40.7625933
53,mn-05-122541,-73.98262883,2016-04-30,40.76397808
54,mn-05-122529,-73.98230856,2016-04-16,40.76412672
55,mn-05-122532,-73.98236264,2016-05-14,40.76467196
56,mn-05-118228,-73.98212946,2017-08-31,40.76534122
57,mn-05-122056,-73.98821846,2017-04-01,40.74853941
58,mn-05-122775,-73.98778100000001,2016-04-30,40.750087
59,mn-05-134620,-73.98873983,2017-06-11,40.73414765
60,mn-03-123149,-73.98941209,2016-10-22,40.73414056
61,mn-05-134468,-73.99342438,2017-07-29,40.73611052
62,mn-04-111683,-73.99684066,2016-09-24,40.73756051
63,mn-02-136396,-73.99360102,2017-07-29,40.73620058
64,mn-03-133442,-73.98977798,2016-10-22,40.73412708
65,mn-04-123535,-73.99831928,2016-10-16,40.73807416
66,mn-02-123538,-74.0009461,2016-09-18,40.73899661
67,mn-02-123539,-73.99993241,2016-09-18,40.73857046
68,mn-02-123547,-73.998106,2016-09-17,40.737805
69,mn-04-122427,-73.99792058,2016-09-24,40.73790583
70,mn-04-136743,-74.00400454,2017-10-15,40.74302673
71,mn-05-123023,-73.9923767,2017-02-11,40.73803969
72,mn-03-123265,-73.987162,2016-01-15,40.733107000000004
73,mn-06-136486,-73.98704351,2016-01-29,40.73369379
74,mn-06-123261,-73.98738399999999,2016-07-02,40.733470000000004
75,mn-06-135857,-73.98688143,2017-04-29,40.73391885
76,mn-06-133896,-73.98663439,2015-12-28,40.73384075
77,mn-06-135588,-73.98665825,2017-04-29,40.73422211
78,mn-06-133339,-73.98616158,2016-01-08,40.73449153
79,mn-06-121495,-73.980628,2016-05-14,40.742625
80,mn-06-121521,-73.9763443,2016-02-28,40.74838329
81,mn-06-136202,-73.9765346792,2016-02-06,40.748287044
82,mn-06-134118,-73.96912972,2016-02-28,40.75827505
83,mn-06-133338,-73.986488,2017-04-29,40.734031
84,mn-06-121489,-73.982889,2016-04-30,40.739531
85,mn-06-133531,-73.98625935,2016-01-08,40.73476963
86,mn-06-133521,-73.98584567,2015-12-28,40.73534819
87,mn-06-123634,-73.985322,2016-01-08,40.735626
88,mn-06-134536,-73.98389,2017-04-29,40.737596999999994
89,mn-06-137072,-73.97408803,2016-02-07,40.75071654
90,mn-06-134218,-73.96717705,2016-04-23,40.76020693
91,mn-06-133527,-73.9849,2016-05-21,40.736214000000004
92,mn-06-133890,-73.985171,2016-01-29,40.735839
93,mn-06-133525,-73.98512348,2016-04-16,40.73633169
94,mn-06-133440,-73.98474973,2016-01-29,40.73642647
95,mn-06-123822,-73.984486,2016-01-29,40.736789
96,mn-06-121488,-73.982489,2016-10-29,40.739528
97,mn-06-121501,-73.98242356,2016-01-29,40.74004081
98,mn-06-103457,-73.98203484,2016-07-02,40.7399752
99,mn-06-138462,-73.982383,2016-04-23,40.740246
100,mn-06-121539,-73.981729,2016-01-15,40.740573
101,mn-06-121499,-73.981576,2016-01-15,40.740775
102,mn-06-136668,-73.98173228,2017-05-13,40.74098927
103,mn-06-134618,-73.98151176,2017-05-13,40.74129079
104,mn-06-121498,-73.98129694,2016-01-29,40.74116898
105,mn-06-121496,-73.98068,2016-04-23,40.742007
106,mn-06-134922,-73.98037099999999,2017-06-24,40.742433
107,mn-06-134654,-73.98045937,2017-05-13,40.742736
108,mn-06-134561,-73.98024173,2017-06-30,40.7430352
109,mn-06-121506,-73.97981300000001,2016-05-21,40.743093
110,mn-06-134920,-73.97990736,2017-06-30,40.74349362
111,mn-06-121505,-73.97965465,2016-04-23,40.74395034
112,mn-06-133465,-73.979316,2016-01-15,40.743876
113,mn-06-121502,-73.97841600000001,2016-02-06,40.745115999999996
114,mn-06-133470,-73.977614,2017-03-11,40.746217
115,mn-06-121513,-73.97744399999999,2016-02-06,40.746449
116,mn-06-121512,-73.97768758,2016-01-15,40.74653888
117,mn-06-121511,-73.977005,2017-02-04,40.74705
118,mn-06-138165,-73.976965,2016-05-14,40.747671999999994
119,mn-06-121522,-73.97677658,2016-02-06,40.74778786
120,mn-06-121352,-73.976105,2016-02-06,40.748289
121,mn-06-121519,-73.97602629,2016-03-24,40.748818799999995
122,mn-06-138030,-73.9753633935,2016-05-14,40.7487327968
123,mn-06-121360,-73.97518642,2016-09-17,40.74934112
124,mn-06-121364,-73.97564799999999,2016-02-06,40.748914
125,mn-06-135586,-73.97510442,2017-07-29,40.74965755
126,mn-06-121527,-73.97474100000001,2016-06-11,40.750156
127,mn-06-137977,-73.97488777,2016-02-07,40.75037797
128,mn-06-121362,-73.97446736,2016-02-07,40.75095973
129,mn-06-121536,-73.97414247,2016-02-07,40.75140578
130,mn-06-121535,-73.973765,2016-07-19,40.751497
131,mn-06-121531,-73.97325385,2017-04-29,40.75262285
132,mn-06-121358,-73.97284287,2016-01-08,40.75266482
133,mn-06-121370,-73.972445,2016-02-07,40.753196
134,mn-06-139745,-73.972868,2017-07-29,40.753149
135,mn-06-121816,-73.972326,2016-02-07,40.753899
136,mn-06-133473,-73.97218000000001,2016-02-08,40.754092
137,mn-06-121813,-73.97187609,2016-02-08,40.75451175
138,mn-06-121824,-73.97103228,2016-02-08,40.75523348
139,mn-06-121820,-73.97102968,2016-05-14,40.75587721
140,mn-06-121822,-73.97125096,2016-02-08,40.75535623
141,mn-06-121831,-73.97014329999999,2016-04-30,40.75632633
142,mn-06-133472,-73.97011147,2016-02-08,40.75650489
143,mn-06-133477,-73.96981621,2016-03-18,40.75691135
144,mn-06-137315,-73.97008839,2017-08-12,40.75711322
145,mn-06-121839,-73.96961496,2017-03-19,40.75772905
146,mn-06-139110,-73.96943631,2017-07-29,40.75785145
147,mn-06-135879,-73.96896329999998,2016-02-15,40.75850806
148,mn-06-121842,-73.968727,2016-06-04,40.758993
149,mn-06-121836,-73.96872336,2016-02-28,40.75840302
150,mn-06-121854,-73.96841698,2016-02-28,40.75881998
151,mn-06-121850,-73.968242,2016-07-02,40.759609999999995
152,mn-06-136181,-73.968048,2016-02-28,40.759756
153,mn-06-133436,-73.96756751,2016-02-27,40.76000519
154,mn-06-121849,-73.96782751,2016-02-28,40.75963164
155,mn-06-121733,-73.96777440000001,2016-02-27,40.76013485
156,mn-06-121857,-73.96730567,2016-06-04,40.76034713
157,mn-06-138438,-73.9675385,2016-02-27,40.76045676
158,mn-06-133481,-73.96710117,2016-08-13,40.76064429
159,mn-06-133433,-73.967083827,2016-08-13,40.7611012545
160,mn-08-121734,-73.96638829999999,2016-02-27,40.76160412
161,mn-06-121490,-73.982886,2017-10-28,40.738827
162,mn-05-122631,-73.979721,2017-06-11,40.766148
163,mn-05-122629,-73.97719468,2017-02-18,40.76451317
164,mn-05-122814,-73.98389868,2017-07-29,40.75495098
165,mn-04-135039,-74.001807,2017-06-10,40.740531
166,mn-02-128511,-74.00259998,2016-03-11,40.73944747
167,mn-04-137007,-74.00137,2017-04-30,40.741122999999995
168,mn-04-135620,-74.00150114,2017-08-05,40.74137338
169,mn-04-134551,-74.00132086,2017-05-26,40.74162142
170,mn-04-136455,-74.001088,2017-04-30,40.74151
171,mn-04-135231,-74.00071086,2017-05-26,40.74204648
172,mn-04-108537,-74.00094,2016-03-18,40.742297
173,mn-04-135037,-74.000238,2017-04-30,40.742689
174,mn-05-122628,-73.982247,2016-03-10,40.767271
175,mn-04-123508,-73.99989422,2016-03-18,40.7435787
176,mn-04-134912,-73.9996452,2017-04-30,40.74391929
177,mn-04-107977,-73.99939787,2016-03-16,40.74426003
178,mn-04-123501,-73.998993,2016-03-11,40.744403000000005
179,mn-04-108002,-73.99915958,2016-03-16,40.74458405
180,mn-04-108509,-73.998736,2016-03-16,40.74475
181,mn-05-137326,-73.996434,2016-06-04,40.747904999999996
182,mn-04-133655,-73.99852935,2017-05-26,40.74503873
183,mn-05-139276,-73.985061,2016-03-18,40.763424
184,mn-04-123646,-73.99861909,2016-05-25,40.74544348
185,mn-05-107818,-73.989409,2016-03-12,40.757544
186,mn-05-121354,-73.98925200000001,2016-03-11,40.757753
187,mn-04-139167,-73.99775661,2016-03-16,40.74592407
188,mn-04-122503,-73.98309182,2016-03-10,40.76663812
189,mn-04-133373,-73.98315529,2016-07-19,40.76693979
190,mn-04-122621,-73.98285321,2016-07-19,40.76696325
191,mn-04-122567,-73.99233961,2016-03-10,40.75413992
192,mn-04-122605,-73.98583017,2016-10-15,40.76305136
193,mn-04-123656,-73.99712687,2016-04-26,40.74737717
194,mn-05-136213,-73.995553,2016-03-18,40.749122
195,mn-04-144139,-73.98256354,2016-07-20,40.76735759
196,mn-05-122061,-73.995245,2016-08-11,40.749537
197,mn-05-133689,-73.99511,2017-05-26,40.749728000000005
198,mn-04-108137,-73.99552538,2016-04-19,40.74982748
199,mn-05-136910,-73.99499300000001,2017-05-26,40.74988
200,mn-04-122691,-73.99505137,2016-03-18,40.75022678
201,mn-05-108471,-73.99275642,2016-04-26,40.75269979
202,mn-05-122305,-73.992762,2016-04-26,40.752949
203,mn-04-136691,-73.99294717,2017-05-26,40.75310732
204,mn-04-122068,-73.9927184,2016-03-24,40.75342475
205,mn-04-108109,-73.99256281,2016-03-24,40.75364209
206,mn-05-108433,-73.991871,2016-03-12,40.754171
207,mn-04-122565,-73.99181602,2016-04-30,40.75466587
208,mn-04-122078,-73.99137086,2016-03-06,40.75528084
209,mn-04-136982,-73.991425,2016-03-19,40.7555
210,mn-04-122075,-73.99093285,2016-03-12,40.75587809
211,mn-04-142001,-73.98890049,2016-03-11,40.75866608
212,mn-04-108485,-73.98877954,2016-03-11,40.75883097
213,mn-04-122583,-73.98857946,2016-03-11,40.75910666
214,mn-05-122092,-73.98818717,2016-03-12,40.75922149
215,mn-02-123540,-74.00273531,2016-03-11,40.73967748
216,mn-04-108148,-73.98725149,2016-03-06,40.76107343
217,mn-05-122586,-73.986828,2016-03-24,40.761094
218,mn-04-122299,-74.002305,2016-03-29,40.739846
219,mn-04-123541,-74.00221656,2016-03-11,40.73971856
220,mn-04-122595,-73.98629301,2016-03-06,40.76224616
221,mn-05-139462,-73.986052,2016-03-06,40.762151
222,mn-05-122593,-73.985923,2016-04-16,40.762331
223,mn-04-122620,-73.984767,2016-04-16,40.764338
224,mn-05-122615,-73.98422945,2016-03-18,40.76464619
225,mn-05-139461,-73.98454459,2016-04-30,40.76421225
226,mn-04-139460,-73.98447,2016-03-10,40.764744
227,mn-05-122619,-73.98409944,2016-03-10,40.76482318
228,mn-04-122616,-73.98433343,2016-03-06,40.76493291
229,mn-05-122627,-73.983593,2016-03-18,40.765522
230,mn-04-122625,-73.98384519,2016-03-18,40.76560072
231,mn-04-122623,-73.98354761,2016-03-10,40.76601142
232,mn-04-139205,-73.98751478,2016-03-06,40.76056304
233,mn-04-122579,-73.98811386,2016-03-11,40.75974624
234,mn-04-142000,-73.98615577,2016-05-14,40.76243064
235,mn-05-122591,-73.987313,2017-07-29,40.760283
236,mn-05-142002,-73.986836,2016-03-12,40.760895
237,mn-04-122598,-73.98660600000001,2016-03-18,40.761815999999996
238,mn-04-122580,-73.98797229,2016-07-13,40.75993686
239,mn-05-107819,-73.98777155,2016-03-12,40.75965597
240,mn-05-123299,-73.9842789,2017-02-04,40.7403098
241,mn-06-138284,-73.98392453,2017-03-19,40.74009245
242,mn-05-121491,-73.98376711,2017-04-01,40.7410117
243,mn-06-134680,-73.983198,2017-06-11,40.741481
244,mn-05-108040,-73.983048,2017-02-04,40.742139
245,mn-05-121798,-73.97036918,2017-01-28,40.7598074
246,mn-06-136968,-73.981797,2017-01-28,40.743229
247,mn-06-133365,-73.96867055,2016-11-23,40.76063098
248,mn-05-121481,-73.98203855,2017-01-28,40.74338446
249,mn-06-138218,-73.9771946,2017-08-05,40.74950281
250,mn-06-121377,-73.9767944,2017-04-15,40.75013253
251,mn-06-137950,-73.97651851,2017-06-17,40.7500145
252,mn-05-121596,-73.9770118,2017-02-11,40.75027937
253,mn-05-133550,-73.97681673,2017-02-04,40.75083273
254,mn-06-138051,-73.97126273,2017-03-19,40.75679025
255,mn-05-138326,-73.97170313,2017-01-28,40.75779319
256,mn-05-121900,-73.96880182,2016-11-23,40.76173086
257,mn-06-143917,-73.96839056,2016-11-23,40.76155923
258,mn-05-121973,-73.97220317,2017-04-30,40.76232437
259,mn-05-133558,-73.9815598,2017-04-30,40.74983207
260,mn-06-133818,-73.98123606729999,2017-05-26,40.749982341300004
261,mn-05-133538,-73.97973824,2017-02-11,40.75233526
262,mn-05-135892,-73.9795852,2017-04-30,40.75254482
263,mn-05-121662,-73.97924601,2017-04-02,40.75300305
264,mn-05-137210,-73.97652976,2017-04-30,40.75674218
265,mn-05-121959,-73.97534075,2017-04-30,40.75863294
266,mn-05-134122,-73.97514297,2017-03-18,40.75864931
267,mn-05-121967,-73.974008,2017-03-18,40.759712
268,mn-05-121966,-73.97363320000001,2016-12-21,40.76024945
269,mn-05-121964,-73.97310142,2017-03-18,40.76096333
270,mn-05-134222,-73.97274461939999,2017-04-02,40.7615107141
271,mn-05-134168,-73.97235756,2017-04-30,40.76246695
272,mn-08-136969,-73.971424,2017-01-21,40.763742
273,mn-01-123076,-74.00624351,2017-11-04,40.70624185
274,qu-12-141535,-73.807661,2016-08-27,40.701827
275,qu-12-141534,-73.806477,2016-08-27,40.701853
276,qu-12-141547,-73.8003521766,2016-12-20,40.703452485300005
277,qu-12-141545,-73.79869023,2016-08-18,40.70402028
278,qu-12-141549,-73.79992299999999,2016-08-18,40.703352
279,qu-12-138109,-73.79373005,2016-08-18,40.70583906
280,qu-12-141540,-73.795897,2016-08-27,40.705143
281,qu-12-141550,-73.79378659999999,2016-08-27,40.70597143
282,qu-12-142734,-73.80201889,2016-08-27,40.70273351
283,qu-12-144028,-73.79934332,2016-08-18,40.70376856
284,qu-12-138097,-73.79901751,2016-08-18,40.70389528
285,qu-12-141542,-73.79847028,2016-12-20,40.703928399999995
286,qu-12-141537,-73.79786531,2016-08-19,40.7043551
287,qu-12-141538,-73.79774312,2016-12-20,40.70421585
288,qu-12-141541,-73.79680056,2016-08-27,40.70460911
289,qu-12-138095,-73.79662039,2016-08-27,40.70468655
290,mn-08-121741,-73.96580928,2016-02-27,40.76210714
291,mn-08-134750,-73.96544300000001,2016-03-05,40.762896000000005
292,mn-08-136989,-73.965653,2016-02-27,40.763037
293,mn-08-121750,-73.964097,2017-06-30,40.764653
294,mn-08-120979,-73.96318025,2017-04-08,40.76590165
295,mn-08-138320,-73.963554,2017-07-29,40.766059999999996
296,mn-08-120978,-73.96313599,2017-06-10,40.76658802
297,mn-08-120986,-73.96253,2016-03-19,40.767309000000004
298,mn-08-120988,-73.96228982,2016-02-27,40.76723406
299,mn-08-120983,-73.96197099999999,2016-02-27,40.767655
300,mn-08-120985,-73.96225464,2016-02-27,40.76785489
301,mn-08-120994,-73.96132436,2016-10-15,40.76910162
302,mn-08-120995,-73.96095190000001,2016-03-05,40.76894314
303,mn-08-120990,-73.960254,2016-03-05,40.770545
304,mn-08-120991,-73.959928,2016-03-05,40.770456
305,mn-08-121002,-73.959496,2016-10-01,40.770946
306,mn-08-128748,-73.958697,2016-03-05,40.772144
307,mn-08-120998,-73.95854022,2016-03-05,40.77235777
308,mn-08-120999,-73.95894683,2016-03-05,40.77236663
309,mn-08-134742,-73.95876684,2016-03-05,40.7724771
310,mn-08-120997,-73.958474,2016-02-15,40.773003
311,mn-08-134739,-73.95822043,2016-04-16,40.77281462
312,mn-08-121004,-73.957965,2016-03-02,40.773727
313,mn-08-121016,-73.957499,2016-03-02,40.774207000000004
314,mn-08-121005,-73.95709000000001,2016-02-26,40.77435
315,mn-08-121015,-73.956665,2016-02-15,40.774855
316,mn-08-121010,-73.95593074,2016-02-15,40.77636605
317,mn-08-121023,-73.955586,2016-02-15,40.776833
318,mn-08-134740,-73.95513908,2016-03-02,40.77702003
319,mn-08-121021,-73.954752,2016-02-26,40.777561
320,mn-08-121020,-73.955153,2016-02-26,40.777528000000004
321,mn-08-121017,-73.954541,2016-03-19,40.778271999999994
322,mn-08-121019,-73.95442800000001,2016-03-19,40.778003000000005
323,mn-05-122858,-73.97425395,2017-06-10,40.76298745
324,mn-08-107963,-73.95399,2016-02-26,40.7786
325,mn-08-134748,-73.95371545,2016-02-22,40.77860514
326,mn-08-133368,-73.953663,2016-04-23,40.778791999999996
327,mn-08-119826,-73.95398,2016-03-05,40.779038
328,mn-08-119825,-73.953715,2016-02-26,40.779534999999996
329,mn-08-136620,-73.953327,2017-10-07,40.779367
330,mn-08-138052,-73.953537,2016-02-22,40.779635
331,mn-08-119822,-73.9524,2016-03-19,40.780782
332,mn-08-119821,-73.952279,2016-02-26,40.781503
333,mn-08-119833,-73.951699,2016-02-15,40.782159
334,mn-08-119832,-73.95125729,2016-02-22,40.78276562
335,mn-08-119830,-73.9505618,2016-07-01,40.78328877
336,mn-08-119829,-73.94987392,2016-02-27,40.78466254
337,mn-11-120218,-73.94903127,2016-03-05,40.78581769
338,mn-11-107836,-73.94794399999999,2016-04-16,40.787309
339,mn-11-120214,-73.946262,2016-03-19,40.789608
340,mn-11-120226,-73.945683,2016-05-21,40.790401
341,mn-11-120225,-73.945348,2016-05-21,40.790862
342,mn-11-120224,-73.94489482,2016-02-22,40.79148064
343,mn-11-132877,-73.94421805,2016-03-02,40.79128239999999
344,mn-11-143074,-73.94423011,2016-03-05,40.79239362
345,mn-11-120222,-73.94398813,2016-05-20,40.7922967
346,mn-11-120221,-73.94378353,2016-02-27,40.793008799999996
347,mn-11-120232,-73.94285894,2016-03-05,40.79427312
348,mn-11-107915,-73.94239654,2016-07-02,40.79491138
349,mn-11-120229,-73.940337,2016-02-22,40.797303
350,mn-11-107218,-73.94025621,2016-03-05,40.79783525
351,mn-11-116230,-73.940035,2016-03-05,40.797709000000005
352,mn-11-120240,-73.94003626,2016-05-20,40.79813946
353,mn-11-137841,-73.937249,2016-02-27,40.8015401822
354,mn-11-120235,-73.93728907,2016-02-22,40.80189861
355,mn-11-142952,-73.93672102,2016-03-02,40.80266344
356,mn-11-143437,-73.93627,2016-04-23,40.80287
357,mn-11-143675,-73.93610685,2016-03-02,40.80351567
358,mn-11-144673,-73.936139,2016-03-19,40.803731
359,mn-08-120980,-73.96358324,2016-03-19,40.76587983
360,mn-07-122843,-73.98184115149999,2016-04-30,40.7695657421
361,mn-07-133501,-73.9819292617,2016-04-30,40.769816186
362,mn-07-133518,-73.98250198,2016-04-30,40.76983868
363,mn-07-134467,-73.98193,2017-07-28,40.773806
364,mn-07-121339,-73.98200508,2016-04-19,40.77472311
365,mn-07-135046,-73.982388,2017-05-10,40.774913
366,mn-07-133488,-73.982571,2016-04-16,40.774894
367,mn-07-134275,-73.982507,2016-04-16,40.774757
368,mn-07-134274,-73.98239982,2016-04-16,40.77464584
369,mn-07-121337,-73.98182879,2016-05-05,40.77539028
370,mn-07-134469,-73.98235021,2017-06-30,40.77579496
371,mn-07-108233,-73.98196294,2016-09-22,40.77600984
372,mn-07-121336,-73.98193739,2016-09-08,40.77631103
373,mn-07-133487,-73.98242959,2016-04-26,40.77647319
374,mn-07-121335,-73.98190427,2016-04-19,40.77713717
375,mn-07-133652,-73.98225464,2017-06-30,40.77814804
376,mn-07-108166,-73.98217819,2016-05-05,40.77860683
377,mn-07-133403,-73.98205439,2016-04-22,40.77909594
378,mn-07-133410,-73.98198995,2016-03-29,40.77933083
379,mn-07-136130,-73.98139599,2017-07-07,40.78001947
380,mn-07-133408,-73.98131051,2016-05-05,40.78032124
381,mn-07-133406,-73.98117276,2016-04-22,40.78082575
382,mn-07-136462,-73.98157091,2017-09-25,40.78081899
383,mn-07-121315,-73.98152267,2016-04-06,40.78099279
384,mn-07-109544,-73.980961,2016-04-06,40.781473999999996
385,mn-07-121223,-73.9808267,2016-05-05,40.78170676
386,mn-07-133404,-73.98083299999999,2016-05-25,40.781843
387,mn-07-136444,-73.981184,2017-06-27,40.781984
388,mn-07-121221,-73.98058629,2016-05-25,40.78252808
389,mn-07-138145,-73.98070878,2017-09-23,40.78312136
390,mn-07-121308,-73.980756,2017-09-23,40.783226
391,mn-07-121232,-73.980253,2016-04-19,40.783190999999995
392,mn-07-133397,-73.98012299999999,2017-09-10,40.783373
393,mn-07-133623,-73.97975218,2017-08-19,40.78364875
394,mn-07-121229,-73.979708,2016-09-08,40.78392
395,mn-07-107927,-73.979996,2017-10-11,40.784128
396,mn-07-121312,-73.97976231,2016-11-04,40.78459233
397,mn-07-133393,-73.979564,2016-11-05,40.784712
398,mn-07-121228,-73.979224,2017-10-06,40.784564
399,mn-07-121239,-73.97878100000001,2016-04-22,40.785005
400,mn-07-138882,-73.97865815,2016-12-18,40.78506646
401,mn-07-121300,-73.97924562,2016-10-14,40.78513453
402,mn-07-121238,-73.97878535,2016-09-08,40.78575329
403,mn-07-121302,-73.97829312,2016-04-06,40.78581305
404,mn-07-143295,-73.9784385145,2017-06-19,40.7856129838
405,mn-07-133415,-73.97799347,2016-04-06,40.78622273
406,mn-07-136212,-73.977698,2016-03-29,40.786207
407,mn-07-121235,-73.97776529,2017-06-17,40.7865194849
408,mn-07-121304,-73.9783,2016-03-29,40.786403
409,mn-07-121306,-73.97783199999999,2016-11-02,40.787028
410,mn-07-133810,-73.97764565,2016-11-02,40.78724687
411,mn-07-121247,-73.97748309,2016-04-22,40.78689604
412,mn-07-107814,-73.97655103,2016-07-22,40.78800168
413,bx-04-140582,-73.926847,2016-06-09,40.819886
414,bk-02-125681,-73.99218679,2016-12-15,40.69934194
415,bk-02-125682,-73.99302857,2016-12-01,40.69758777
416,bk-02-126247,-73.99126379,2017-02-13,40.69607044
417,bk-02-135003,-73.98638427,2017-02-17,40.69123398
418,bk-02-134976,-73.984481,2017-02-13,40.690588
419,bk-07-108701,-73.997387,2017-03-06,40.660871
420,bk-07-141621,-73.998822,2017-03-03,40.659902
421,bk-07-141113,-73.99898564,2017-03-03,40.65974544
422,bk-07-125841,-74.00244599999999,2017-02-24,40.656011
423,bk-07-125846,-74.00525819,2017-04-28,40.65371111
424,bk-07-125904,-73.99225899999999,2017-08-10,40.662588
425,bk-09-126569,-73.960581,2017-02-17,40.660852
426,bk-17-126297,-73.94651287,2017-06-27,40.65102676
427,bk-17-126233,-73.94396929999999,2017-08-31,40.65104682
428,qu-09-124784,-73.8362804014,2017-05-20,40.6975628749
429,qu-09-128721,-73.83383439,2017-05-12,40.69889972
430,qu-09-135034,-73.83160899,2017-05-12,40.69975447
431,qu-09-127841,-73.83109767,2017-05-12,40.69989495
432,qu-09-124790,-73.83093613,2017-05-12,40.69984112
433,qu-09-124777,-73.8309137,2017-05-12,40.70015865
434,qu-09-115253,-73.8265510212,2017-05-06,40.7008644474
435,qu-09-108790,-73.82620488,2017-05-06,40.70092643
436,qu-09-128371,-73.82980897,2016-07-20,40.71316697
437,qu-06-124182,-73.836262,2016-07-20,40.717664
438,qu-06-124180,-73.839741,2016-07-20,40.719293
439,qu-06-124194,-73.84488371,2017-06-03,40.72152582
440,qu-06-128370,-73.852197,2016-11-05,40.726082
441,qu-06-124204,-73.85251864060001,2016-11-05,40.7262412679
442,qu-06-124200,-73.858076,2016-11-05,40.728299
443,qu-04-124921,-73.87470458,2016-11-05,40.73454516
444,qu-04-142877,-73.87546,2017-10-14,40.734922999999995
445,qu-04-142872,-73.88093968,2017-06-03,40.73720596
446,qu-04-132440,-73.886253,2016-11-19,40.738208
447,qu-02-124939,-73.904656,2016-11-05,40.741288
448,qu-02-124947,-73.91854000000001,2016-11-05,40.742912
449,qu-02-128387,-73.9206815,2016-11-19,40.74306271
450,qu-02-142124,-73.921257,2016-11-19,40.743221000000005
451,qu-02-143422,-73.926455,2016-11-19,40.743823
452,qu-02-124955,-73.92692611,2016-11-19,40.74387741
453,qu-02-142875,-73.92777199999999,2017-06-24,40.743976
454,qu-02-143797,-73.929829,2016-11-05,40.744151
455,qu-01-102099,-73.930399,2016-11-05,40.744278
456,qu-02-141148,-73.9516172,2017-03-11,40.74318379
457,bx-07-119749,-73.89719293,2017-01-25,40.86732884
458,bx-07-119760,-73.89764488,2016-07-01,40.86737055
459,qu-01-140214,-73.91232033,2017-09-30,40.75336987
460,bx-04-119157,-73.915848,2016-06-09,40.839445
461,bx-05-111577,-73.905076,2017-04-15,40.853028
462,bx-05-102420,-73.90109100000001,2016-05-12,40.857756
463,mn-07-121243,-73.97504101,2017-06-30,40.78945727
464,mn-07-133391,-73.974767,2016-06-24,40.790053
465,mn-07-133633,-73.974793,2017-09-10,40.790234999999996
466,mn-07-121255,-73.97430229,2016-05-20,40.79090129
467,mn-07-121295,-73.97480999999999,2016-05-27,40.790818
468,mn-07-121254,-73.973822,2016-06-24,40.791401
469,mn-07-121253,-73.973425,2016-05-27,40.791942999999996
470,mn-07-133625,-73.97312473,2017-08-13,40.79253447
471,mn-07-134701,-73.97328857,2017-08-13,40.79288708
472,mn-07-107919,-73.97304342,2017-10-06,40.79342581
473,mn-07-133624,-73.97264858,2017-06-27,40.79318087
474,mn-07-107918,-73.97203479,2016-06-04,40.79382166
475,mn-07-120596,-73.97256708,2016-05-20,40.79404227
476,mn-07-100260,-73.97157309,2016-11-04,40.79446154
477,mn-07-133636,-73.97185626,2017-06-19,40.79489566
478,mn-07-120513,-73.971048,2016-05-27,40.795171
479,mn-07-135865,-73.97075190000001,2017-07-18,40.79577379999999
480,mn-07-133638,-73.97093100000001,2017-05-09,40.796138
481,mn-07-120285,-73.970619,2016-10-03,40.796566
482,mn-07-107801,-73.97065155,2016-07-10,40.79676125
483,mn-07-133628,-73.97027901,2017-07-07,40.79642525
484,mn-07-120510,-73.96963000000001,2016-08-13,40.797148
485,mn-07-133626,-73.96968100000001,2017-10-15,40.797247999999996
486,mn-07-120395,-73.96924393180001,2017-05-13,40.7977016599
487,mn-07-133620,-73.969557,2017-09-10,40.798018
488,mn-07-134106,-73.969093,2017-06-20,40.79865
489,mn-07-134421,-73.96880907,2017-09-10,40.79904235
490,mn-07-120393,-73.968326,2016-06-17,40.798953999999995
491,mn-07-107810,-73.96823224,2016-06-11,40.79933067
492,mn-07-120392,-73.96796962,2016-10-14,40.7996299
493,mn-07-134112,-73.96783287,2017-08-25,40.80030025
494,mn-07-120391,-73.967782,2016-06-24,40.800581
495,mn-07-134423,-73.96818631,2017-08-25,40.80047593
496,mn-07-134073,-73.96770699999999,2017-09-16,40.801084
497,mn-07-120402,-73.967493,2016-05-20,40.802126
498,mn-07-134388,-73.967585,2017-05-09,40.802298
499,mn-07-120266,-73.968149,2016-05-20,40.802455
500,mn-07-134069,-73.967461,2017-07-28,40.802735999999996
501,mn-07-120401,-73.96737900000001,2016-06-11,40.802944000000004
502,mn-07-120268,-73.967381,2016-06-17,40.803721
503,mn-07-134385,-73.96670754,2017-06-27,40.80386123
504,mn-09-134377,-73.9659025,2017-07-18,40.80495915
505,mn-09-134690,-73.96566952,2017-09-25,40.80527964
506,mn-09-120409,-73.96552609999999,2016-06-11,40.80547204
507,mn-06-133439,-73.97414806,2016-07-19,40.75096552
508,mn-09-120408,-73.96508100000001,2016-05-27,40.805923
509,mn-09-120412,-73.95579589,2017-04-07,40.81881338
510,mn-09-120374,-73.95526804,2016-06-11,40.82027959
511,mn-09-120365,-73.95480753,2016-06-17,40.82076419
512,mn-09-111128,-73.953676,2016-06-17,40.822319
513,mn-09-120419,-73.953007,2016-05-14,40.822495
514,mn-09-120371,-73.953041,2016-06-17,40.823326
515,mn-09-141129,-73.95258142,2017-05-09,40.82382134
516,mn-09-120262,-73.96421034,2016-05-21,40.80804124
517,mn-09-137848,-73.964488,2016-08-13,40.807508
518,mn-09-120261,-73.96464555,2017-02-11,40.80729581
519,mn-09-120387,-73.965108,2017-02-04,40.80676
520,mn-09-111652,-73.95159699999999,2016-05-27,40.824559
521,mn-09-120360,-73.9516557,2016-06-11,40.8250896
522,mn-09-135619,-73.95148795,2017-06-17,40.82531855
523,mn-09-111954,-73.950907,2016-06-04,40.825508
524,mn-09-111651,-73.950482,2016-06-24,40.82609
525,mn-09-120363,-73.95071631,2016-10-03,40.82637629
526,mn-09-100210,-73.947868,2016-08-19,40.825446
527,mn-09-120565,-73.947604,2016-06-24,40.825419000000004
528,si-03-125464,-74.11216061,2016-12-20,40.56175506
529,si-02-145544,-74.11422426,2017-01-31,40.56585176
530,si-02-125463,-74.10965729,2017-01-31,40.57031185
531,si-02-125470,-74.10991800000001,2016-11-14,40.570634999999996
532,si-02-125472,-74.11408666,2016-11-14,40.57285319
533,si-02-125467,-74.10231,2017-01-31,40.577771000000006
534,si-02-125476,-74.100732,2017-01-31,40.590983
535,si-02-145522,-74.082329,2017-01-31,40.598523
536,bx-07-119873,-73.89873,2016-06-09,40.867627
537,bx-07-119874,-73.8995757,2016-07-01,40.86782871
538,bx-05-119573,-73.90031404,2016-08-27,40.86231329
539,bx-05-119606,-73.902369,2016-06-09,40.86063
540,bx-04-119048,-73.921747,2016-05-12,40.831466999999996
541,bx-04-101603,-73.92390599,2017-02-18,40.82765532
542,bx-05-119590,-73.90555222,2016-06-09,40.85304298
543,bx-05-119592,-73.905403,2016-06-09,40.853157
544,bx-01-119075,-73.928165,2017-06-10,40.818676
545,bx-04-119146,-73.92837,2016-05-12,40.818942
546,qu-12-141553,-73.79220518,2016-08-18,40.70635736
547,qu-12-141536,-73.79236800000001,2016-08-18,40.706507
548,qu-09-124172,-73.830838,2016-11-05,40.713983
549,qu-06-124184,-73.833513,2016-07-20,40.715758
550,mn-09-134826,-73.94986800000001,2017-10-28,40.826928
551,mn-09-134828,-73.95022615,2017-08-25,40.82704355
552,mn-09-111986,-73.95002586,2016-07-14,40.82732011
553,mn-09-111985,-73.94958100000001,2016-07-15,40.827932000000004
554,mn-09-120434,-73.949288,2016-08-01,40.82758
555,mn-09-111874,-73.949017,2016-07-14,40.828097
556,mn-09-120352,-73.94913226,2016-07-20,40.82854185
557,mn-09-120354,-73.94886891,2016-07-15,40.82903713
558,mn-09-136852,-73.94804599999999,2017-10-28,40.829423999999996
559,mn-09-120442,-73.94764036810001,2017-10-28,40.829351524
560,mn-09-102722,-73.947866,2016-07-20,40.829675
561,mn-09-120356,-73.94791148,2016-07-15,40.83020903
562,mn-09-111931,-73.947195,2016-07-10,40.830586
563,mn-09-111936,-73.946986,2016-07-22,40.830876
564,mn-12-120450,-73.94477152,2017-06-10,40.83391054
565,mn-12-111735,-73.944176,2017-06-10,40.834722
566,mn-12-111556,-73.943873,2017-06-10,40.835135
567,mn-12-120445,-73.942787,2016-07-08,40.836501
568,bk-02-132668,-73.963959,2016-12-01,40.682932
569,bk-02-126628,-73.97820169,2017-02-23,40.68788961
570,bk-03-145739,-73.95138100000001,2017-02-24,40.680556
571,bk-03-145808,-73.943843,2017-03-31,40.680015000000004
572,bk-03-126646,-73.924424,2016-10-27,40.67896
573,bk-03-126644,-73.927098,2016-10-27,40.679232
574,bk-03-126647,-73.916507,2016-11-11,40.678653999999995
575,bk-16-126635,-73.911008,2016-11-11,40.678354
576,bk-03-126638,-73.908374,2016-12-22,40.678079
577,bk-05-114742,-73.869636,2017-09-23,40.684317
578,bk-09-126619,-73.95871700000001,2016-11-11,40.6688
579,bk-09-126617,-73.95826142,2016-11-11,40.66965209
580,bk-09-126616,-73.95817186,2016-12-22,40.67031776
581,bk-02-142293,-73.98371008,2017-02-23,40.6886723
582,bk-02-126838,-73.98247226,2016-11-11,40.68844943
583,bk-02-126839,-73.98128393,2016-11-13,40.68781362
584,bk-02-126807,-73.97637079100001,2016-11-11,40.6869605878
585,bk-06-125915,-73.989159,2017-02-27,40.665618
586,bk-06-125912,-73.98797900000001,2017-03-06,40.667305
587,bk-07-125928,-73.97744609,2017-04-28,40.6807318
588,qu-02-124952,-73.93187521,2016-11-05,40.74445002
589,mn-01-122319,-74.00101556,2016-08-11,40.7180331
590,mn-01-137165,-74.000962,2016-08-01,40.717828000000004
591,mn-01-137940,-74.00151938,2016-07-12,40.71748211
592,mn-01-137333,-74.00173929,2016-07-13,40.71724104
593,mn-01-138237,-74.002253,2017-10-07,40.716682
594,mn-01-123431,-74.00256999999999,2016-07-12,40.716033
595,mn-01-137399,-74.00266673,2016-10-19,40.71548409
596,mn-02-133446,-73.99105603,2016-10-29,40.73389175
597,mn-03-115305,-73.98592802,2016-07-08,40.73115701
598,mn-03-138575,-73.985739,2016-07-08,40.73108
599,mn-03-138573,-73.98638945,2016-07-10,40.73053706
600,mn-03-123270,-73.98588199999999,2016-07-02,40.730881
601,mn-03-123269,-73.98634799999999,2016-07-10,40.730249
602,mn-03-123812,-73.987081,2016-11-05,40.729236
603,mn-03-108511,-73.98791444,2017-09-16,40.72875565
604,mn-03-131017,-73.98787592,2016-09-02,40.72848039
605,mn-03-128751,-73.98781752,2016-07-20,40.72823169
606,mn-03-123814,-73.987965,2016-07-20,40.728027000000004
607,mn-03-107697,-73.98812504,2016-11-12,40.72815774
608,mn-03-123273,-73.98837167,2016-09-02,40.72745986
609,mn-03-123260,-73.989248,2016-09-02,40.726263
610,mn-03-108323,-73.98935062,2016-09-02,40.72647126
611,mn-03-137382,-73.989403,2016-09-02,40.726048999999996
612,mn-03-123820,-73.989698,2016-09-02,40.725640999999996
613,mn-03-108238,-73.99334300000001,2016-07-22,40.721716
614,mn-02-100727,-73.99407509,2016-07-12,40.72059636
615,mn-03-108589,-73.99406649,2016-07-12,40.71990707
616,mn-05-133359,-73.984342,2016-10-22,40.759971
617,mn-05-122148,-73.984131,2017-02-18,40.759713
618,mn-05-144692,-73.98369329,2017-05-13,40.76032636
619,mn-05-134283,-73.9835375,2017-04-15,40.76052662
620,mn-05-134736,-73.98309028,2017-02-11,40.76114197
621,mn-05-122651,-73.982996,2016-10-16,40.76164
622,mn-05-122656,-73.982552,2016-10-15,40.762366
623,mn-05-122657,-73.981711,2017-04-01,40.763036
624,mn-05-122647,-73.98047755,2016-10-16,40.7647181
625,mn-05-122649,-73.98073089,2016-10-15,40.76487454
626,mn-07-120610,-73.97104466,2016-08-05,40.79331
627,mn-07-107263,-73.97088677,2016-07-28,40.7935244
628,mn-07-120609,-73.97057117,2017-06-27,40.79396219
629,mn-07-134602,-73.97005104,2017-09-25,40.79467259
630,mn-07-120526,-73.969837,2016-08-01,40.794604
631,mn-07-111894,-73.96981,2017-05-10,40.795004999999996
632,mn-07-135581,-73.96941887,2017-06-30,40.79554394
633,mn-07-108008,-73.968849,2016-07-28,40.795951
634,mn-07-133672,-73.968682,2017-06-19,40.796533000000004
635,mn-07-120524,-73.96864684,2016-07-28,40.79673748
636,mn-07-108104,-73.968542,2016-07-30,40.796374
637,mn-07-120536,-73.96822346,2016-07-30,40.79717824
638,mn-07-133671,-73.96807,2017-06-30,40.797391
639,mn-07-136087,-73.96784046,2017-06-20,40.79770007
640,mn-07-120535,-73.96774773,2016-08-01,40.79782619
641,mn-07-120534,-73.96726529,2017-04-07,40.79847664
642,mn-07-121346,-73.981853,2017-01-27,40.777921
643,mn-07-133413,-73.981665,2017-01-27,40.778381
644,mn-07-120400,-73.96691700000001,2016-06-17,40.803579
645,mn-09-120396,-73.96599499999999,2016-06-24,40.804835
646,mn-09-120436,-73.949738,2016-11-02,40.827117
647,mn-09-120545,-73.958889,2016-07-30,40.809965000000005
648,mn-09-142793,-73.958744,2016-07-30,40.810163
649,mn-09-142953,-73.958321,2016-08-05,40.810378
650,mn-09-136200,-73.95618997,2016-08-19,40.81366899
651,mn-09-120554,-73.954837,2016-08-05,40.81515
652,mn-09-140440,-73.95450726,2016-11-19,40.81559377
653,mn-09-142532,-73.95436371,2017-06-20,40.815799600000005
654,mn-09-111948,-73.95275500000001,2016-07-14,40.818371
655,mn-09-120561,-73.951942,2016-07-10,40.8196
656,mn-09-139323,-73.950863,2016-10-26,40.82096
657,mn-09-118226,-73.950118,2017-06-11,40.822212
658,mn-09-111918,-73.9499056,2017-02-04,40.82226783
659,mn-09-134416,-73.94964029,2017-08-13,40.82263345
660,mn-09-134420,-73.94901382,2017-06-17,40.82312201
661,mn-09-120576,-73.94695314,2016-07-14,40.82594748
662,si-02-145729,-74.11267359,2017-02-19,40.57210026
663,si-02-145727,-74.113383,2016-12-20,40.57262
664,si-02-145728,-74.116075,2016-12-20,40.563843
665,si-02-145809,-74.101669,2017-04-10,40.578802
666,bx-01-145688,-73.92921294,2016-08-27,40.81888599
667,bx-04-119160,-73.92590252,2016-08-13,40.82755199
668,bx-04-119159,-73.92522252,2016-07-01,40.82735593
669,bx-04-113552,-73.9248328,2016-07-01,40.82782471
670,bx-04-145687,-73.92264499,2016-08-27,40.831542999999996
671,bx-07-145924,-73.90070588,2017-09-16,40.86810029
672,bx-08-145690,-73.896537,2016-08-27,40.867038
673,bx-07-145689,-73.89565372,2016-08-27,40.86658827
674,bk-06-145848,-73.9730618,2017-06-11,40.67758878
675,mn-09-120359,-73.952134,2016-07-08,40.824578
676,mn-09-120370,-73.95349829,2016-07-08,40.82270396
677,mn-09-120422,-73.95331,2016-07-10,40.821918
678,mn-09-136680,-73.95936999999999,2016-07-19,40.81450454
679,mn-09-120269,-73.96605183,2016-07-02,40.80551623
680,mn-11-144674,-73.9362397,2016-10-15,40.80377327
681,mn-11-107943,-73.9390355,2016-05-27,40.79950465
682,mn-11-132876,-73.94478351,2016-05-21,40.79120304
683,mn-09-120546,-73.95902951,2016-07-28,40.80941222
684,mn-09-120563,-73.953007,2016-08-05,40.817656
685,mn-09-100231,-73.94644065,2016-07-19,40.82719623
686,mn-09-120573,-73.946043,2016-07-19,40.827195
687,mn-09-131062,-73.9437559725,2016-07-19,40.830335634899996
688,mn-12-120463,-73.942327,2016-07-13,40.832283000000004
689,mn-12-111956,-73.94226576,2016-07-15,40.83273107
690,mn-12-120460,-73.94174,2016-07-15,40.833447
691,mn-12-100263,-73.94144661,2016-07-15,40.83386084
692,mn-12-111803,-73.94115905,2016-07-15,40.83424538
693,mn-12-120458,-73.940919,2016-07-15,40.834078000000005
694,mn-12-120457,-73.94047731,2016-07-15,40.83481514
695,bk-08-126609,-73.95745774,2017-11-04,40.672302
696,bk-08-125707,-73.96361018,2017-09-23,40.67640751
697,bk-02-108350,-73.98192018,2017-09-17,40.68745727
698,bk-02-126847,-73.98799840000001,2017-02-24,40.69059444
699,mn-07-120273,-73.96927886,2016-07-20,40.798538
700,bk-03-127093,-73.925474,2016-12-22,40.679142999999996
701,qu-02-125016,-73.95447974,2017-03-04,40.74188244
702,qu-06-124181,-73.838184,2016-07-20,40.718602000000004
703,qu-04-124926,-73.88571747,2016-11-19,40.73810857
704,qu-06-145845,-73.84284540770001,2017-05-20,40.720671379
705,qu-06-145762,-73.838976,2017-03-04,40.718953000000006
706,qu-06-145786,-73.8368052726,2017-03-11,40.7179603125
707,qu-06-145790,-73.83549622,2017-03-11,40.71721235
708,qu-06-145763,-73.832341,2017-03-04,40.714861
709,qu-09-145794,-73.82816,2017-03-11,40.711071999999994
710,mn-05-122096,-73.98570283,2016-12-18,40.75786907
711,mn-05-133354,-73.98587842,2016-12-18,40.75766558
712,mn-05-122095,-73.98663358,2016-12-18,40.75663815
713,mn-07-120936,-73.98094971,2016-08-19,40.77426628
714,mn-07-120927,-73.981404,2016-08-11,40.773657
715,qu-02-125014,-73.95212666,2017-03-04,40.74291934
716,mn-07-121203,-73.982777,2016-07-19,40.777227
717,mn-07-121191,-73.98301515,2016-08-19,40.77653006
718,mn-07-138046,-73.98324699999999,2016-07-15,40.775999
719,mn-07-121193,-73.98363296,2016-07-13,40.77606852
720,mn-05-122633,-73.9793497,2016-09-18,40.76664932
721,mn-05-122608,-73.98471931,2016-10-15,40.76399635
722,mn-05-122609,-73.98498723,2016-10-01,40.76361577
723,mn-05-122166,-73.986581,2017-04-02,40.754144000000004
724,mn-06-138062,-73.9748182,2016-11-19,40.74930073
725,mn-06-138570,-73.97332638,2017-11-04,40.74867273
726,mn-06-121416,-73.97331899999999,2017-08-26,40.748513
727,mn-06-121429,-73.97296141,2017-08-26,40.74857853
728,mn-06-121369,-73.972507,2017-08-26,40.749203
729,mn-06-121418,-73.97275057,2017-11-04,40.74929182
730,mn-06-121538,-73.97065717,2017-11-04,40.75163236
731,mn-06-121792,-73.968836,2017-11-04,40.754138
732,mn-06-109579,-73.96855237,2017-10-28,40.75504319
733,mn-06-107988,-73.96844399999999,2017-10-28,40.755193
734,mn-06-121785,-73.968041,2017-10-07,40.755334999999995
735,mn-06-121787,-73.96746716,2017-08-26,40.75601841
736,mn-06-121778,-73.96698,2017-08-26,40.75678
737,mn-06-121780,-73.96642136,2017-10-07,40.7579749
738,mn-08-120996,-73.958069,2016-07-08,40.773006
739,mn-02-123595,-74.00755377,2016-11-17,40.72533498
740,mn-02-135935,-74.007487,2017-01-28,40.726889
741,mn-02-123606,-74.00698658,2017-03-11,40.72797798
742,mn-05-122680,-73.996012,2016-09-22,40.748482
743,mn-04-123517,-74.00372466,2017-10-28,40.74341383
744,mn-02-123843,-73.99407922,2017-11-04,40.73116016
745,mn-03-123268,-73.98665837,2016-09-18,40.72983073
746,mn-03-138508,-73.988685,2016-09-18,40.731015
747,mn-03-137104,-73.98857914,2017-07-29,40.73157049
748,mn-03-133516,-73.98813515,2016-11-05,40.73177664
749,mn-03-123816,-73.987938,2017-02-11,40.732039
750,mn-03-100726,-73.993454,2016-07-22,40.721425
751,mn-03-108422,-73.99494009,2016-08-11,40.71791958
752,mn-03-138537,-73.98926217,2016-09-18,40.73023165
753,mn-03-123367,-73.98985,2016-11-14,40.719215000000005
754,mn-03-115304,-73.98839009999999,2017-04-02,40.72357993
755,mn-03-108516,-73.98532503,2017-04-08,40.72779351
756,mn-03-108269,-73.98508299999999,2017-04-02,40.728126
757,mn-03-139455,-73.98468000000001,2017-08-26,40.728823999999996
758,mn-03-107898,-73.98319263,2017-06-10,40.73030035
759,mn-02-123542,-73.994742,2016-10-01,40.736387
760,mn-05-122442,-73.99248875,2016-10-08,40.74861534
761,mn-05-107739,-73.99100163,2017-09-10,40.74557814
762,mn-05-123642,-73.991375,2017-08-19,40.744668
763,mn-05-123662,-73.99403913,2016-11-23,40.74596848
764,mn-05-138267,-73.99428583,2017-08-25,40.74615485
765,mn-05-121634,-73.98536700000001,2016-10-29,40.744741999999995
766,mn-05-144509,-73.984639,2016-10-01,40.745126
767,mn-05-107760,-73.98620711,2017-07-29,40.74670887
768,mn-05-121611,-73.98524463,2016-10-01,40.74711441
769,mn-05-121613,-73.98483344,2017-01-29,40.74773664
770,bk-02-126433,-73.980862,2017-02-13,40.689026
771,mn-05-121576,-73.9810645,2017-09-10,40.74688075
772,mn-05-122446,-73.99113025,2016-10-08,40.75048843
773,mn-05-134211,-73.98401196,2017-05-13,40.76023532
774,mn-05-122867,-73.97699037,2017-02-11,40.759205200000004
775,mn-05-122853,-73.97473228,2016-10-29,40.76246755
776,mn-08-137205,-73.97119784,2016-11-19,40.76425414
777,mn-06-121769,-73.96558891,2017-10-28,40.75868871
778,mn-11-100223,-73.94648352,2016-10-15,40.800446
779,mn-10-102771,-73.95278868,2016-10-03,40.80732567
780,bx-05-111503,-73.90095411,2017-05-10,40.85054841
781,mn-10-111709,-73.94948944,2016-10-14,40.81265566
782,bx-05-113539,-73.91021789,2016-12-06,40.85434622
783,bx-05-111414,-73.907899,2016-12-06,40.853764
784,mn-04-136065,-73.98809867,2017-11-04,40.76956734
785,bk-09-130021,-73.95091962,2017-02-23,40.66416648
786,qu-01-142852,-73.92201908,2017-03-25,40.76047267
787,qu-01-142874,-73.921216,2017-04-22,40.760095
788,qu-01-143435,-73.91801561,2017-05-12,40.75859125
789,qu-03-143455,-73.88507204,2017-08-19,40.749606299999996
790,qu-01-142873,-73.91730276,2017-08-05,40.76490229
791,mn-10-142812,-73.95184032,2016-09-17,40.80943715
792,mn-10-142515,-73.950407,2017-07-29,40.805827
793,mn-10-142813,-73.95170768,2016-09-24,40.809268100000004
794,mn-10-142513,-73.94591692,2016-10-29,40.81197343
795,mn-10-142858,-73.95706700000001,2017-06-30,40.801938
796,mn-10-142855,-73.9478767,2016-09-17,40.81486349
797,mn-10-142814,-73.95214914,2016-10-14,40.80899649
798,bk-01-143275,-73.95149599999999,2017-03-11,40.725456
799,mn-08-128743,-73.9528208927,2016-11-04,40.7782325573
800,mn-08-115163,-73.96015290000001,2017-10-17,40.76191027
801,mn-10-142554,-73.93750775,2017-07-19,40.8240811
802,mn-10-142632,-73.95141341,2016-09-24,40.81002334
803,qu-03-100928,-73.88549761,2017-08-19,40.74753882
804,qu-09-108791,-73.845226,2017-05-20,40.695225
805,bk-01-108949,-73.942908,2017-03-06,40.701419
806,bx-01-109413,-73.91526202,2016-10-22,40.81792619
807,qu-01-142694,-73.93059918,2017-03-25,40.76453793
808,qu-01-130522,-73.92485555,2017-05-12,40.76164578
809,bk-09-127716,-73.95080928,2017-03-11,40.66734613
810,mn-04-140358,-74.00431271,2017-06-30,40.75280422
811,mn-04-140298,-74.00475581,2017-05-26,40.75219823
812,mn-04-140359,-74.00491217,2017-05-26,40.75196913
813,mn-04-143655,-74.0051459,2017-06-10,40.75123392
814,mn-07-134318,-73.97641054,2017-09-10,40.7887051
815,mn-04-140360,-74.00581555,2017-05-26,40.75074558
816,mn-05-136186,-73.98324818,2017-09-24,40.74425922
817,mn-07-121103,-73.97298135,2017-04-07,40.79030079
818,mn-05-121624,-73.98581619,2017-02-11,40.74642561
819,mn-02-122330,-74.00004799999999,2017-03-18,40.71819776
820,mn-03-122246,-73.99248961,2017-04-02,40.71450806
821,mn-08-120842,-73.95536175,2017-10-16,40.76837393
822,mn-02-123600,-74.00662855,2016-11-13,40.73025769
823,mn-06-121442,-73.97789516,2017-10-28,40.74223411
824,mn-04-122466,-73.99286971,2017-10-07,40.76338512
825,mn-08-121708,-73.96166314,2017-10-17,40.76035998
826,mn-08-121988,-73.969308,2016-12-18,40.766736
827,mn-07-120611,-73.97148731,2016-11-02,40.79270287
828,mn-03-123464,-73.989421,2016-11-17,40.721773
829,mn-03-139623,-73.9832812963,2017-07-29,40.7299626776
830,mn-08-121980,-73.970303,2017-04-08,40.764821000000005
831,mn-05-121630,-73.98641999,2017-01-29,40.74275953
832,mn-04-122475,-73.99149319,2017-09-23,40.76527687
833,mn-06-121433,-73.97619,2017-10-28,40.744153999999995
834,mn-05-137863,-73.9903653321,2016-11-12,40.7515396214
835,mn-02-123611,-74.00641536,2016-11-05,40.73230778
836,mn-07-120640,-73.9617454,2017-08-25,40.80059158
837,mn-06-121683,-73.96381797,2017-10-20,40.75687875
838,mn-06-121692,-73.96321332,2017-10-25,40.75770122
839,mn-06-121694,-73.96359345,2017-10-20,40.75760431
840,mn-02-123612,-74.00640751,2017-02-18,40.73159252
841,mn-03-137963,-73.98947427,2016-11-04,40.71950376
842,bx-01-116415,-73.92295481,2017-01-21,40.81675132
843,mn-03-123794,-73.9851189883,2017-04-08,40.7276498658
844,mn-11-120070,-73.94624056,2016-10-15,40.8007812
845,mn-07-120267,-73.96785533,2016-10-08,40.80298423
846,mn-07-121100,-73.97197865,2016-12-01,40.7920348
847,mn-09-120570,-73.948844,2016-10-14,40.823361
848,bk-01-125630,-73.94268199999999,2017-05-06,40.703654
849,mn-12-120461,-73.94188652,2017-01-29,40.83274898
850,qu-01-133970,-73.92211147,2017-10-19,40.76730678
851,mn-05-137138,-73.98452873,2017-09-30,40.74575598
852,mn-01-137026,-74.00813878,2017-08-05,40.72311759
853,mn-01-145538,-74.00797977,2017-08-05,40.72287042
854,qu-04-137921,-73.88970545,2017-07-08,40.74696638
855,qu-09-143998,-73.8478444,2017-08-19,40.69469686
856,mn-05-137879,-73.99328247,2017-09-30,40.73663894
857,mn-05-133687,-73.99336333,2017-10-15,40.74741879
858,mn-04-135855,-73.99915027,2017-09-16,40.73910655
859,mn-05-136609,-73.99147237,2017-10-07,40.74493317
860,qu-04-136456,-73.88468950000001,2017-08-31,40.74748994
861,qu-01-145452,-73.91849412,2017-08-19,40.75881765
862,qu-03-136452,-73.87816548,2017-08-19,40.74831104
863,qu-02-139595,-73.94141973,2017-09-16,40.74766699
864,mn-03-138878,-73.98684237,2017-08-26,40.72529099
865,qu-04-137796,-73.8888199,2017-07-08,40.74705911
866,mn-09-134415,-73.96632817,2017-10-11,40.80439875
867,qu-04-134075,-73.89214477,2017-07-08,40.74671112
868,mn-10-134578,-73.94192414,2017-08-13,40.81802907
869,qu-03-133667,-73.88464352,2017-07-22,40.74762687
870,mn-04-134489,-73.99320916,2017-10-07,40.74254842
871,mn-03-138884,-73.98397945,2017-08-12,40.72921987
872,mn-03-139058,-73.98822418,2017-08-26,40.72380705
873,qu-03-136366,-73.87062416,2017-07-22,40.7491117
874,qu-04-136657,-73.87146338,2017-07-22,40.74887831
875,mn-04-136381,-73.99158984,2017-09-23,40.76478628
876,mn-04-134727,-73.99799948,2017-10-15,40.74068566
877,mn-06-134535,-73.9813679,2017-09-28,40.737088
878,mn-10-133684,-73.938202,2017-08-25,40.82312447
879,qu-04-136655,-73.87420306930001,2017-08-05,40.7485946815
880,mn-06-135679,-73.98115859,2017-09-28,40.73737306
881,mn-06-134843,-73.98254791,2017-10-07,40.73160198
882,mn-10-118276,-73.95600349,2017-09-30,40.803399600000006
883,qu-03-134080,-73.888492,2017-07-08,40.74722343
884,qu-03-134084,-73.87951058,2017-08-31,40.74816825
885,qu-04-136360,-73.8912148554,2017-07-08,40.7467977541
886,qu-04-136365,-73.8822703103,2017-08-19,40.747742377
887,qu-03-136453,-73.88138742,2017-08-31,40.74797068
888,qu-03-136656,-73.8729332957,2017-08-05,40.7488692015
889,qu-03-136703,-73.87439289,2017-08-31,40.74870842
890,mn-10-143395,-73.94207451,2017-08-13,40.81782145
891,mn-04-139118,-73.99026177,2017-09-23,40.7664369
892,qu-03-139600,-73.88203370000001,2017-08-19,40.74799093
893,qu-03-139608,-73.8857513,2017-08-31,40.74760297
894,qu-03-136451,-73.88092373,2017-08-31,40.74801962
895,qu-03-139602,-73.887615089,2017-07-08,40.7474122764
896,bx-05-119598,-73.908266,2017-10-20,40.851329
897,mn-12-120469,-73.940075,2016-10-22,40.835729
898,mn-11-120199,-73.938107317,2016-12-18,40.7963604555
899,mn-11-120180,-73.94496616,2016-10-15,40.80014153
900,mn-12-120347,-73.945436,2016-11-19,40.834974
901,qu-09-124791,-73.85118474,2017-06-03,40.69396285
902,mn-11-120314,-73.93776628,2016-12-18,40.79682481
903,bx-06-119388,-73.90003051,2017-05-10,40.84909302
904,qu-01-125071,-73.912336,2017-04-22,40.755764
905,qu-01-125081,-73.91964899999999,2017-04-22,40.759199
906,bx-01-123216,-73.91366803,2016-10-29,40.81948845
907,mn-12-120451,-73.94509159,2016-12-20,40.83328532
908,qu-01-125118,-73.91254129,2017-06-24,40.76266328
909,bx-01-123217,-73.91424246,2017-01-21,40.81886036
910,qu-01-125131,-73.92127596,2017-05-06,40.76676629
911,mn-10-119982,-73.95676156,2016-11-17,40.80236833
912,mn-10-119980,-73.95648813,2016-09-17,40.80302425
913,bx-05-119597,-73.90897566,2017-04-22,40.85187831
914,bk-01-126669,-73.942563,2017-04-28,40.702936
915,bk-01-126657,-73.942287,2017-07-01,40.702247
916,mn-06-123801,-73.98380229,2016-10-01,40.73195957
917,bx-05-119659,-73.893343,2016-12-06,40.860027
918,bx-05-119613,-73.90750182,2016-11-23,40.85393036
919,bk-08-127047,-73.949935,2017-02-17,40.676752
920,qu-01-125105,-73.91093862,2017-05-06,40.76191296
921,bk-08-127034,-73.949916,2017-02-17,40.676976
922,bk-09-127020,-73.95091335,2017-02-03,40.66620283
923,bx-01-144251,-73.912327,2017-03-18,40.821437
924,bx-05-119648,-73.89644355,2017-01-25,40.86117438
925,bx-07-144372,-73.90754799999999,2017-04-07,40.862685
926,bk-08-145032,-73.950008,2017-02-03,40.675965000000005
927,bx-06-118922,-73.898220556,2017-10-20,40.846926174699995
928,qu-09-124794,-73.83960659,2017-05-20,40.695602799999996
929,bk-08-126469,-73.950627,2017-02-03,40.670115
930,bk-08-127030,-73.950397,2017-02-03,40.670147
931,qu-01-125095,-73.92793528,2017-03-25,40.7630995
932,bx-01-118947,-73.9128355454,2017-10-20,40.8201085841
933,mn-03-122032,-73.98165945,2017-03-19,40.73087757
934,mn-10-119949,-73.9425246331,2017-02-11,40.8173806387
935,bx-06-119390,-73.89994835,2017-10-20,40.84740591
936,bx-05-119610,-73.90938798,2017-01-25,40.85384203
937,bx-05-123186,-73.91147,2017-05-10,40.848729999999996
938,bx-01-123212,-73.91430035,2017-01-21,40.81855965
939,bx-01-123215,-73.913388,2016-10-29,40.819568
940,qu-09-124792,-73.84559499999999,2017-05-20,40.695205
941,qu-09-124799,-73.858948,2017-05-20,40.692465999999996
942,qu-01-125114,-73.914259,2017-05-06,40.763621
943,mn-10-119890,-73.944659,2016-10-08,40.818897
944,mn-09-120355,-73.94842204,2016-11-14,40.82966242
945,mn-05-121626,-73.98597197,2016-11-19,40.74349317
946,bk-01-125263,-73.954886,2017-03-11,40.7334
947,mn-12-120468,-73.939589,2016-11-19,40.835586
948,bk-01-126861,-73.94594832,2017-09-23,40.71444574
949,bx-01-118956,-73.91648285,2016-10-22,40.81667907
950,bk-01-140788,-73.94420600000001,2017-04-08,40.713913
951,bx-05-138759,-73.901951,2017-06-24,40.846169
952,mn-11-100200,-73.94676199999999,2016-10-15,40.80007
953,mn-05-137100,-73.99351300000001,2017-09-23,40.736806
954,mn-05-137157,-73.98188075,2017-06-11,40.7622099
955,mn-05-138006,-73.99208429,2017-09-24,40.7437055
956,mn-06-138539,-73.977306,2017-04-08,40.750237
957,mn-04-136625,-73.98344153,2017-04-01,40.76686129
958,mn-03-133426,-73.99764592,2016-09-14,40.71665239
959,mn-08-134746,-73.9525944,2016-11-04,40.77814082
960,mn-02-133430,-73.997578,2016-09-14,40.716869
961,mn-08-135943,-73.96321301,2017-10-28,40.7619766
962,mn-08-136195,-73.95653659999999,2017-10-25,40.76728194
963,mn-03-137173,-73.98908323,2016-11-17,40.72048554
964,mn-05-136688,-73.98593572,2017-03-18,40.74671976
965,mn-08-137966,-73.96335362,2017-10-28,40.76214654
966,mn-08-135937,-73.966995,2017-05-06,40.763419
967,mn-04-136184,-73.9894897361,2017-09-23,40.767663121
968,mn-08-135983,-73.970823,2017-01-29,40.764097
969,mn-08-121133,-73.967597,2017-04-08,40.768648999999996
970,mn-08-120945,-73.95920163,2017-10-17,40.76321777
971,mn-03-136971,-73.98430909,2017-04-02,40.72944908
972,mn-05-122200,-73.97825829,2017-02-11,40.7574068
973,mn-03-123797,-73.98610433,2017-04-08,40.72630382
974,mn-08-121137,-73.96886500000001,2017-01-21,40.767364
975,mn-05-122860,-73.9756836475,2017-02-11,40.7611177503
976,mn-04-122470,-73.98965898,2017-09-23,40.76778999
977,mn-06-121695,-73.96390551,2017-10-20,40.75717377
978,mn-08-121764,-73.96418067,2017-10-28,40.76104904
979,mn-07-137400,-73.9810792137,2016-10-22,40.7749698822
980,mn-08-120942,-73.96836400000001,2017-01-29,40.768093
981,mn-07-121323,-73.98236687,2017-06-17,40.77544328
982,mn-06-123285,-73.9827647,2016-11-05,40.73152105
983,mn-10-119900,-73.93976734,2017-04-22,40.82596687
984,mn-12-120348,-73.94544961,2016-12-20,40.83418925
985,mn-09-135244,-73.94577543,2017-10-19,40.82792507
986,mn-09-134795,-73.94929876,2017-10-20,40.82831959
987,mn-01-138618,-74.00808439,2017-08-05,40.72340371
988,mn-05-133690,-73.98503716,2017-08-12,40.74762726
989,mn-04-134553,-73.99679984,2017-08-19,40.74269967
990,mn-06-136296,-73.97684323,2017-10-20,40.74365854
991,mn-06-134832,-73.97904816,2017-09-26,40.74023291
992,mn-06-134374,-73.97925179999999,2017-09-26,40.74036856
993,mn-05-134444,-73.99024141,2017-10-15,40.74661929
994,qu-01-137830,-73.92362684,2017-08-31,40.75577655
995,mn-04-137461,-73.98993307,2017-09-23,40.76704736
996,mn-05-133695,-73.98754894,2017-08-12,40.74417468
997,qu-04-136653,-73.88792592,2017-07-08,40.74715289
998,mn-05-135169,-73.98813678,2017-08-19,40.75459325
999,mn-05-134490,-73.9918828663,2017-10-28,40.7439706953
1000,mn-04-139998,-73.99181959,2017-10-07,40.76445589
1001,mn-04-135877,-73.98904337,2017-09-23,40.76826158
1002,mn-04-140000,-73.99131194,2017-09-23,40.76515921
1003,mn-04-136045,-73.99196653,2017-09-23,40.76462448
1004,mn-06-134533,-73.98160829,2017-09-25,40.7367472
1005,mn-05-133688,-73.99077541,2017-09-24,40.74549407
1006,mn-10-134604,-73.95025609,2017-07-19,40.80662994
1007,mn-04-135163,-73.99085201,2017-09-23,40.76578851
1008,mn-04-134867,-73.99105738,2017-09-23,40.7658753
1009,mn-04-134558,-73.99456317,2017-09-10,40.74526758
1010,mn-05-136386,-73.99282602,2017-08-05,40.73727988
1011,mn-06-138795,-73.98039603,2017-09-28,40.73838376
1012,mn-05-135518,-73.99011216,2017-10-15,40.75152164
1013,mn-03-136018,-73.98924679,2017-07-29,40.7306716
1014,mn-10-134720,-73.93836455,2017-08-19,40.82290225
1015,mn-06-134845,-73.97715884,2017-10-28,40.74685005
1016,mn-06-135228,-73.98061045,2017-09-26,40.7385025
1017,mn-06-135647,-73.97954419,2017-09-26,40.73996264
1018,qu-03-136305,-73.87577475,2017-08-05,40.74855095
1019,qu-04-136367,-73.87938648,2017-08-31,40.74804918
1020,mn-06-137452,-73.97452006,2017-09-24,40.74686754
1021,mn-05-136868,-73.99050599,2017-09-24,40.7462509
1022,qu-03-139617,-73.8718174087,2017-10-19,40.7490896698
1023,bk-17-127012,-73.94986999999999,2017-04-08,40.652771
1024,mn-03-123295,-73.98733637,2017-10-07,40.724614
1025,mn-03-123791,-73.98382369,2017-04-02,40.72943593
1026,mn-05-121632,-73.9844921948,2016-11-19,40.7459859781
1027,bx-05-123185,-73.90866199999999,2016-12-06,40.853881
1028,qu-01-125092,-73.92851391,2017-04-22,40.76355288
1029,qu-01-125084,-73.926262,2017-03-25,40.762464
1030,qu-01-125086,-73.92387,2017-03-25,40.761340999999994
1031,qu-04-125340,-73.88409786,2017-07-08,40.74754337
1032,bx-01-123208,-73.91671907,2017-10-06,40.81669229999999
1033,mn-08-120843,-73.95569057,2017-09-28,40.76777013
1034,qu-02-124987,-73.91899505,2017-02-25,40.74221127
1035,bk-01-126673,-73.94338965,2017-04-28,40.70892202
1036,qu-02-124996,-73.91873252,2017-02-25,40.74218025
1037,bk-02-126016,-73.9870681132,2017-11-03,40.6875936081
1038,bx-06-119378,-73.90076644,2017-05-06,40.847573700000005
1039,bk-09-126475,-73.95077465,2017-02-23,40.66382689
1040,mn-10-119886,-73.94328498,2016-11-14,40.82079611
1041,mn-03-123792,-73.98441867,2017-07-29,40.72862184
1042,qu-01-125116,-73.913259,2017-05-06,40.763000000000005
1043,bk-07-125917,-73.99124562,2017-09-23,40.66355007
1044,bk-08-127037,-73.950234,2017-02-17,40.674265999999996
1045,mn-10-120062,-73.939286,2017-07-19,40.821828000000004
1046,mn-10-123361,-73.94525300000001,2016-11-05,40.807779
1047,bk-06-127417,-73.98029,2017-03-11,40.676409
1048,mn-10-119898,-73.9426993,2017-01-25,40.82159551
1049,mn-10-138528,-73.94925909999999,2016-12-21,40.80194888
1050,mn-10-136677,-73.95698009,2016-10-08,40.80234988
1051,mn-10-137385,-73.941152,2017-07-19,40.818505
1052,mn-10-137182,-73.94264858,2016-10-29,40.81644556
1053,mn-10-137208,-73.94377622,2016-11-17,40.8201217
1054,mn-10-138120,-73.94750336,2016-10-26,40.81537577
1055,mn-10-137181,-73.95065799999999,2016-09-24,40.81069
1056,mn-10-137852,-73.95055699999999,2016-12-06,40.805615
1057,qu-01-125132,-73.92045929,2017-05-06,40.76638612
1058,bk-08-127039,-73.950078,2017-02-17,40.673527
1059,mn-10-119952,-73.94859133,2016-10-26,40.80918643
1060,mn-10-120049,-73.94812464,2016-11-14,40.80879309
1061,bx-05-119566,-73.911439,2016-12-22,40.854764
1062,bx-01-123228,-73.919637,2017-01-21,40.816691999999996
1063,qu-09-126733,-73.86199361,2017-06-24,40.69210611
1064,bx-01-118955,-73.91620844,2016-10-22,40.8171412
1065,bx-05-119569,-73.89839588,2017-06-24,40.86215226
1066,mn-10-119879,-73.94601241,2017-10-28,40.81705699
1067,mn-10-119880,-73.94654809,2016-10-14,40.81668892
1068,mn-10-119881,-73.94655805,2016-10-29,40.81629802
1069,mn-10-119893,-73.941723,2016-10-03,40.822924
1070,mn-10-119951,-73.94868890000001,2016-11-14,40.80902187
1071,mn-10-119988,-73.9542627365,2017-06-17,40.805792474499995
1072,mn-10-119996,-73.95209309,2016-10-01,40.80873329
1073,mn-10-120001,-73.95015967,2017-04-07,40.81136226
1074,mn-10-120002,-73.95071065,2016-12-22,40.81098881
1075,mn-10-120024,-73.94583035,2016-11-14,40.80781772
1076,mn-10-120039,-73.948011,2016-10-26,40.808939
1077,mn-10-119897,-73.94223468,2016-10-03,40.82221486
1078,mn-10-120058,-73.94030397,2017-08-13,40.82040617
1079,mn-11-120249,-73.941542,2017-09-23,40.798488
1080,mn-11-120250,-73.94142153,2016-12-18,40.79864627
1081,mn-10-120621,-73.952053,2016-10-29,40.811325
1082,bk-09-127021,-73.95072664,2017-02-17,40.66073179999999
1083,bk-09-127022,-73.95040697,2017-02-17,40.65773965
1084,bk-02-127256,-73.9817194,2017-08-10,40.68721034
1085,bk-08-127044,-73.94979845,2017-02-03,40.67826808
1086,qu-01-125113,-73.91595809999998,2017-04-22,40.76427257
1087,qu-03-125359,-73.88415453,2017-08-19,40.74982932
1088,qu-06-124227,-73.8446443,2017-02-25,40.72024516
1089,qu-06-124230,-73.844787,2017-02-25,40.720017
1090,qu-01-125170,-73.93142777,2017-03-25,40.76516019
1091,qu-09-124798,-73.86085811,2017-06-24,40.69245106
1092,qu-04-124856,-73.88106477,2017-08-05,40.74199055
1093,qu-01-125077,-73.919926,2017-04-22,40.75949
1094,qu-01-125088,-73.92287900000001,2017-04-22,40.760713
1095,qu-01-125148,-73.91505124,2017-05-06,40.76368606
1096,qu-04-125322,-73.8765226837,2017-07-22,40.7483497521
1097,qu-03-125337,-73.88366475,2017-07-08,40.74772878
1098,qu-06-124234,-73.85077696,2017-02-25,40.72249917
1099,qu-09-124793,-73.84311,2017-05-20,40.695248
1100,qu-02-124993,-73.91968964,2017-02-25,40.74184571
1101,qu-04-125330,-73.88002682,2017-08-19,40.74798095
1102,qu-01-125085,-73.92505030619999,2017-03-25,40.7618968782
1103,qu-01-125145,-73.91894987,2017-04-22,40.759169
1104,mn-08-120963,-73.95757799,2017-10-25,40.76599549
1105,mn-06-121368,-73.97518778,2017-04-01,40.75118164
1106,mn-06-121439,-73.97836301,2017-10-07,40.74159316
1107,mn-06-121457,-73.98105517,2017-03-11,40.73805173
1108,mn-03-121470,-73.98482253,2017-03-19,40.732206
1109,mn-06-121529,-73.9755338,2016-11-13,40.74960493
1110,mn-05-121567,-73.98250633,2017-06-30,40.74514234
1111,mn-05-121570,-73.98337004,2017-10-06,40.74389121
1112,mn-05-121636,-73.98542849,2017-08-12,40.74396179
1113,mn-05-121640,-73.98409911,2016-11-19,40.746511299999995
1114,mn-05-121641,-73.98371405,2017-10-28,40.74646478
1115,mn-05-121631,-73.98664796,2017-03-18,40.74257286
1116,mn-06-121703,-73.96279335,2017-10-25,40.75815454
1117,mn-08-121758,-73.9626851396,2017-10-28,40.7630796438
1118,mn-05-121950,-73.97543366,2017-02-11,40.75773384
1119,mn-05-121991,-73.98833004,2016-11-12,40.75431145
1120,mn-05-121993,-73.98832163,2017-04-01,40.75397801
1121,mn-05-121998,-73.99106942,2016-11-12,40.75127386
1122,mn-03-122031,-73.98076800000001,2017-04-02,40.730496
1123,mn-05-122204,-73.98019325,2017-02-11,40.75495251
1124,mn-05-122211,-73.99028957,2017-08-19,40.74600486
1125,mn-05-122445,-73.99180123,2016-11-12,40.74915253
1126,mn-05-122453,-73.992745,2016-10-22,40.747904
1127,mn-04-122456,-73.99364234,2017-10-07,40.76232841
1128,mn-04-122482,-73.98921452,2017-09-23,40.76840586
1129,mn-05-122768,-73.98867303,2016-10-22,40.74877222
1130,mn-05-122871,-73.97609914,2016-10-29,40.76047373
1131,mn-05-122878,-73.97792563,2017-04-02,40.757957912100004
1132,mn-05-123077,-73.986712,2017-03-11,40.739409
1133,mn-02-123086,-73.99138693,2016-10-15,40.73239147
1134,mn-05-123158,-73.989871,2016-10-08,40.735186999999996
1135,mn-03-123282,-73.9851321,2016-10-01,40.73224694
1136,mn-03-123288,-73.98309797,2017-04-02,40.73083305
1137,mn-06-123287,-73.98617294,2016-10-01,40.7329605
1138,mn-05-123292,-73.98813578,2017-03-11,40.74083617
1139,mn-04-123494,-73.995892,2017-10-07,40.744114
1140,mn-04-123500,-73.99616801,2017-04-08,40.74356421
1141,mn-04-123504,-74.00690371,2017-10-07,40.74875784
1142,mn-04-123661,-73.994537,2017-11-04,40.745447999999996
1143,mn-05-123789,-73.985069,2017-01-29,40.744614
1144,mn-03-123800,-73.98324565,2016-10-16,40.73153857
1145,mn-03-123802,-73.982827,2017-08-12,40.73121904
1146,bx-01-123214,-73.91468375,2016-10-22,40.81846074
1147,bk-08-126832,-73.95035244,2017-02-03,40.67064687
1148,qu-09-104094,-73.84283995,2017-06-03,40.6952564
1149,mn-06-136356,-73.96407038,2017-10-20,40.75694399
1150,qu-01-140339,-73.91297466,2017-04-22,40.75607269
1151,qu-03-143034,-73.89344842,2017-07-08,40.74670669
1152,mn-05-107796,-73.98618292329999,2017-01-21,40.7473911285
1153,mn-07-107815,-73.9738668,2017-04-15,40.78944465
1154,mn-03-107871,-73.99306771,2016-10-16,40.72018834
1155,mn-04-107976,-74.0067043,2017-09-24,40.748841999999996
1156,mn-04-108085,-73.99167705,2017-09-30,40.74484704
1157,mn-03-108162,-73.99907941,2016-10-19,40.71716821
1158,mn-11-108257,-73.943527,2016-12-18,40.799528
1159,qu-01-108362,-73.92268747930001,2017-09-16,40.767432582
1160,qu-01-108373,-73.926808,2017-05-06,40.76272
1161,mn-03-108607,-73.991198,2016-11-13,40.716355
1162,qu-09-114647,-73.86326155,2017-05-20,40.69190229
1163,qu-09-133287,-73.857547,2017-10-14,40.692671999999995
1164,mn-02-133831,-73.991208,2016-10-15,40.734035999999996
1165,qu-09-126735,-73.866734,2017-06-03,40.69145
1166,bx-06-118932,-73.90139163479999,2017-06-24,40.8466464109
1167,qu-04-128504,-73.88498743,2017-07-22,40.74745120000001
1168,mn-10-131051,-73.95679626,2016-09-24,40.80260688
1169,qu-04-111010,-73.89248971,2017-07-08,40.74667037
1170,qu-03-111054,-73.87871569,2017-07-08,40.74825267
1171,qu-04-111122,-73.8704887,2017-07-22,40.74897101
1172,mn-04-123657,-74.00417706,2017-08-26,40.74788855
1173,mn-03-123803,-73.98610741,2016-10-16,40.73274736
1174,mn-10-119882,-73.94700174,2016-10-03,40.81569589
1175,bx-01-118942,-73.91557399999999,2016-10-22,40.817446000000004
1176,bx-07-119802,-73.89389440000001,2016-12-06,40.86234731
1177,bx-01-118944,-73.91582926,2016-10-22,40.817235
1178,qu-01-125127,-73.92154563,2017-05-06,40.7668938
1179,bx-04-119141,-73.918194,2017-06-10,40.840247999999995
1180,qu-01-133224,-73.9198816617,2017-05-12,40.7659299661
1181,qu-04-136003,-73.8923556534,2017-07-08,40.7466238166
1182,bx-05-119631,-73.910931,2017-04-22,40.849486
1183,mn-06-138042,-73.980968,2017-03-11,40.737627
1184,mn-06-133709,-73.97797283,2017-10-06,40.74171074
1185,mn-04-134628,-73.99352183,2017-10-28,40.74212565
1186,mn-07-120525,-73.969254,2016-10-22,40.795398999999996
1187,mn-10-119959,-73.95213993,2016-10-29,40.80404696
1188,mn-10-119961,-73.95075428,2016-10-22,40.80595028
1189,mn-10-119942,-73.94055195,2017-07-19,40.81991621
1190,mn-10-120055,-73.94205600000001,2016-10-26,40.817264
1191,mn-10-119948,-73.94284249,2016-11-05,40.81677995
1192,mn-10-119944,-73.94475600000001,2016-10-26,40.814156
1193,mn-10-120046,-73.945458,2016-12-06,40.812611
1194,mn-10-120042,-73.95009459,2016-10-15,40.80624896
1195,mn-10-119896,-73.94244453,2016-11-17,40.8223078
1196,qu-04-145788,-73.87083775,2017-03-11,40.7333421
1197,qu-06-145846,-73.853138,2017-05-20,40.726495
1198,qu-06-145847,-73.85392900000001,2017-05-20,40.726695
1199,qu-06-145764,-73.854789,2017-03-04,40.727095
1200,qu-06-145765,-73.85607116,2017-03-04,40.72748901
1201,qu-06-145766,-73.856848,2017-03-04,40.72785
1202,qu-06-145767,-73.8574456477,2017-03-04,40.728067323299996
1203,bk-02-145810,-73.99255459999999,2017-03-24,40.69828038
1204,bk-02-145811,-73.98187215,2017-03-31,40.68803876
1205,bk-02-145752,-73.97332,2017-03-02,40.685787
1206,bk-02-145753,-73.97022462,2017-03-02,40.68454905
1207,bk-02-145747,-73.967093,2017-02-27,40.683591
1208,bk-02-145812,-73.96463345,2017-03-24,40.68307692
1209,bk-02-145793,-73.96164820000001,2017-03-06,40.68219957
1210,bk-09-145751,-73.958801,2017-02-27,40.668156
1211,bk-14-145754,-73.95956788,2017-03-03,40.65470433
1212,bk-14-145755,-73.95911529,2017-03-03,40.65245679
1213,bk-14-145813,-73.95850153,2017-03-06,40.65002892
1214,bk-14-145836,-73.958291,2017-05-06,40.649115
1215,bk-14-145814,-73.95820347,2017-04-08,40.64617918
1216,bk-14-145789,-73.95814408,2017-03-06,40.645261700000006
1217,bk-14-145907,-73.95805063,2017-08-10,40.64788737
1218,bk-14-145758,-73.95799026,2017-03-03,40.64394086
1219,bk-08-GF3069,-73.95585799999999,2017-11-03,40.676714000000004
1220,bk-03-145748,-73.958535,2017-02-27,40.681853000000004
1221,bk-03-145784,-73.95620126,2017-03-11,40.68131525
1222,bk-03-145796,-73.9557035625,2017-03-11,40.6809512606
1223,bk-03-145750,-73.955431,2017-02-27,40.679505999999996
1224,bk-03-145837,-73.949473,2017-04-28,40.679987
1225,bk-03-145815,-73.94615493,2017-03-24,40.68027266
1226,bk-03-145756,-73.94490293,2017-03-02,40.68019738
1227,bk-03-145757,-73.94226,2017-03-02,40.680059
1228,bk-03-145759,-73.93910101,2017-03-02,40.67975193
1229,bk-03-145760,-73.93762700149999,2017-03-02,40.679815356300004
1230,bk-03-145749,-73.93549973,2017-02-27,40.67956068
1231,bk-03-145816,-73.929834,2017-03-19,40.679381
1232,bk-03-145817,-73.921802,2017-03-31,40.679015
1233,bk-16-145962,-73.91218476,2017-09-30,40.67828559
1234,bk-16-145761,-73.91025266,2017-03-03,40.67831185
1235,bk-16-145818,-73.90761958,2017-03-31,40.67803579
1236,qu-04-145768,-73.871648,2017-03-04,40.733579
1237,qu-04-145774,-73.87270949,2017-03-04,40.73388902
1238,qu-04-145772,-73.87365799999999,2017-03-04,40.734162
1239,qu-04-145775,-73.87625423,2017-03-04,40.7353874
1240,qu-04-145745,-73.877364,2017-02-25,40.736273
1241,qu-04-145776,-73.880315,2017-03-04,40.736982
1242,qu-04-145777,-73.883978,2017-03-04,40.737777
1243,qu-02-145740,-73.892498,2017-02-25,40.739393
1244,qu-02-145849,-73.895296,2017-06-03,40.739922
1245,qu-02-145742,-73.89986400000001,2017-02-25,40.740727
1246,qu-02-145778,-73.901886,2017-03-04,40.740961999999996
1247,qu-02-145744,-73.906524,2017-02-25,40.741506
1248,qu-02-145787,-73.9075086763,2017-03-11,40.7414329466
1249,qu-02-145741,-73.9153491542,2017-02-25,40.742512392100004
1250,qu-02-145743,-73.92240124,2017-02-25,40.74331229
1251,qu-02-145779,-73.92415600000001,2017-03-04,40.743555
1252,qu-02-145780,-73.93372600000001,2017-03-04,40.744608
1253,mn-09-145960,-73.9447042674,2017-10-07,40.8293894851
1254,mn-09-GF0019,-73.95528026,2017-10-28,40.81453869
1255,qu-02-145791,-73.94279179,2017-03-11,40.74707469
1256,qu-02-145781,-73.94413828,2017-03-04,40.74663918
1257,qu-02-145792,-73.94524605,2017-03-11,40.74608863
1258,qu-02-145746,-73.94693708,2017-02-25,40.74541772
1259,qu-02-145785,-73.94766296,2017-03-11,40.74492115
1260,qu-02-145795,-73.95080577,2017-03-11,40.74338234
1261,qu-02-145782,-73.95267766,2017-03-04,40.74263091
1262,qu-02-145783,-73.95333647,2017-03-04,40.74228717
1263,bx-01-145916,-73.92788597,2017-08-31,40.81015856
1264,bx-01-145819,-73.92888643,2017-04-15,40.81751219
1265,bx-01-145820,-73.9292428488,2017-04-07,40.816751643
1266,bx-01-145841,-73.92988537,2017-04-22,40.81503931
1267,bx-01-145842,-73.930217,2017-05-10,40.81431
1268,bx-01-145821,-73.93040028,2017-04-15,40.81359474
1269,bx-01-145917,-73.92925029,2017-08-31,40.81244091
1270,bx-01-145854,-73.92866453,2017-06-24,40.81225338
1271,bx-01-145852,-73.92907378,2017-06-10,40.80854426
1272,si-02-145822,-74.10895942,2017-04-10,40.57143702
1273,si-02-145730,-74.10861367,2017-02-19,40.57178152
1274,si-02-145734,-74.10753883,2017-02-19,40.57285047
1275,si-02-145737,-74.10691685,2017-02-19,40.57346599
1276,si-02-145823,-74.1048165,2017-04-10,40.57555318
1277,si-02-145731,-74.10356538,2017-02-19,40.57681082
1278,si-02-145736,-74.10065158,2017-02-19,40.57963412
1279,si-02-145807,-74.1000124034,2017-04-10,40.5798387878
1280,bx-04-145838,-73.91292955,2017-04-22,40.84388121
1281,bx-04-145851,-73.91979703,2017-06-10,40.83513298
1282,bx-05-145839,-73.9099,2017-04-22,40.84833
1283,bx-05-145959,-73.8974,2017-10-06,40.86115
1284,bx-07-145853,-73.8928,2017-06-24,40.86487
1285,bx-07-145840,-73.90051187,2017-05-10,40.86366546
1286,bx-08-145850,-73.90210090000001,2017-06-10,40.86869849
1287,bx-07-145933,-73.89780278,2017-09-16,40.86676519
1288,si-02-145732,-74.0838283459,2017-02-19,40.5977150785
1289,si-02-145735,-74.0830503859,2017-02-19,40.5980019944
1290,si-02-145733,-74.11201028,2017-02-19,40.581303999999996
1291,si-02-145824,-74.11135039,2017-04-10,40.58167685
1292,si-02-145825,-74.10370822,2017-04-10,40.58738523
1293,si-02-145826,-74.10168399999999,2017-04-10,40.589032
1294,si-02-145835,-74.10090436,2017-04-10,40.58990771
1295,si-02-145829,-74.10086158,2017-04-10,40.59143558
1296,bk-03-145830,-73.9495225,2017-03-31,40.67948543
1297,bk-03-145843,-73.949579,2017-05-06,40.678818
1298,bk-08-145831,-73.94969703,2017-03-24,40.677504
1299,bk-08-145832,-73.95021390000001,2017-03-24,40.67211449
1300,bk-09-145833,-73.9505023,2017-03-24,40.66916742
1301,bk-09-145844,-73.95060500000001,2017-05-06,40.662438
1302,si-02-145738,-74.115318,2017-02-19,40.564789000000005
1303,bx-04-145925,-73.91496083,2017-09-16,40.84425807
1304,qu-06-145961,-73.84588685,2017-09-30,40.72073474
1305,qu-06-145955,-73.84560657,2017-09-30,40.72117684
1306,qu-02-145926,-73.9399519775,2017-09-16,40.748103895
1307,qu-01-145958,-73.93494274,2017-09-30,40.75114906
1308,qu-01-145946,-73.93415739,2017-09-16,40.75149813
1309,qu-01-GF44107,-73.93337963229999,2017-10-14,40.7519504416
1310,qu-01-145922,-73.92334100000001,2017-09-16,40.761089
1311,qu-01-145952,-73.92076317,2017-09-30,40.75972324
1312,qu-01-145951,-73.91723,2017-09-30,40.758221
1313,qu-01-145953,-73.9143831,2017-09-30,40.75672431
1314,qu-04-145898,-73.87812993,2017-08-05,40.73933161
1315,qu-04-145913,-73.87936018,2017-08-19,40.74073714
1316,qu-04-145914,-73.87992484850001,2017-08-05,40.7409367455
1317,qu-04-145897,-73.8829233,2017-08-05,40.74302376
1318,qu-04-145899,-73.8837887902,2017-08-05,40.7435632229
1319,qu-04-145900,-73.88945075,2017-08-05,40.74576092
1320,qu-04-145915,-73.89012129,2017-08-05,40.74604558
1321,mn-06-120627,-73.971614,2017-07-18,40.75694469
1322,bk-02-145910,-73.9887287,2017-07-27,40.68940822
1323,bk-02-145904,-73.991014,2017-07-31,40.686177
1324,bk-06-145906,-73.99158104,2017-07-31,40.68479895
1325,bk-06-145905,-73.9921845,2017-07-31,40.68430374
1326,bk-06-145876,-73.99277254,2017-07-20,40.68343607
1327,bk-06-145875,-73.99346713,2017-07-20,40.68240987
1328,bk-01-145864,-73.95545319,2017-07-01,40.73691349
1329,bk-01-145861,-73.955096,2017-06-30,40.734684
1330,bk-01-145863,-73.954581,2017-07-01,40.732735
1331,bk-01-145860,-73.949671,2017-06-30,40.722328000000005
1332,bk-01-145859,-73.947627,2017-06-30,40.720110999999996
1333,bk-01-145858,-73.946853,2017-06-30,40.719511
1334,bk-01-145857,-73.94373207,2017-06-27,40.7110789
1335,bk-01-145892,-73.943399,2017-07-27,40.707378999999996
1336,bk-01-145856,-73.94303000000001,2017-06-27,40.705768
1337,bk-01-145855,-73.942989,2017-06-27,40.704496
1338,bk-02-145877,-73.99377838,2017-07-20,40.68657033
1339,bk-06-145918,-73.99476547,2017-08-31,40.68455252
1340,bk-06-145870,-73.99541762,2017-07-15,40.68317963
1341,qu-01-145923,-73.93221564,2017-09-16,40.75371822
1342,qu-01-145956,-73.91450114,2017-09-30,40.753521500000005
1343,qu-01-145957,-73.91770279999999,2017-09-30,40.75374563
1344,qu-01-145954,-73.91840166,2017-09-30,40.75364064
1345,qu-01-145921,-73.92521461,2017-08-31,40.75652086
1346,qu-02-GF44207,-73.91900559999999,2017-10-14,40.74130348
1347,qu-01-145950,-73.9198187071,2017-08-31,40.7541355171
1348,qu-01-GF44339,-73.9224478196,2017-10-14,40.7552199043
1349,bk-08-145919,-73.97437496,2017-08-31,40.68064989
1350,bk-08-145903,-73.96799938,2017-07-31,40.68042562
1351,bk-01-GF33294,-73.95028299,2017-11-04,40.71412964
1352,qu-01-145934,-73.9191729971,2017-09-16,40.7657852543
1353,qu-01-145947,-73.91836041,2017-09-16,40.76540165
1354,qu-01-145948,-73.91171708,2017-09-16,40.76227762
1355,qu-09-145885,-73.86501478,2017-07-15,40.69173379
1356,qu-09-GF44348,-73.853678,2017-10-14,40.693166
1357,qu-09-GF44349,-73.8525570696,2017-10-14,40.6937397839
1358,qu-09-145883,-73.84858743,2017-07-15,40.69467595
1359,qu-09-145882,-73.84665595,2017-07-15,40.69504845
1360,qu-09-145881,-73.84118746,2017-07-15,40.69522138
1361,qu-09-145880,-73.84055056,2017-07-15,40.69541981
1362,qu-09-145879,-73.83880988,2017-07-15,40.69591252
1363,qu-09-145888,-73.8378420456,2017-07-22,40.696331271999995
1364,qu-09-145878,-73.837293,2017-07-15,40.697047
1365,qu-09-145889,-73.83565709,2017-07-22,40.69790215
1366,qu-09-145890,-73.83484675,2017-07-22,40.69809542
1367,qu-09-145912,-73.82709687,2017-08-19,40.70063483
1368,qu-09-145911,-73.8564538,2017-08-19,40.69260724
1369,bk-06-145891,-73.97703800000001,2017-07-20,40.681596
1370,bk-06-145896,-73.978034,2017-07-27,40.680323
1371,bk-06-145872,-73.97846492,2017-07-20,40.67950101
1372,bk-06-145895,-73.98146899999999,2017-07-27,40.675253999999995
1373,bk-06-145893,-73.98316142,2017-07-27,40.6726791
1374,bk-06-145894,-73.98362685,2017-07-27,40.67224181
1375,bk-06-145873,-73.987509,2017-07-20,40.667873
1376,bk-06-145874,-73.98837832,2017-07-20,40.66653858
1377,bk-06-145902,-73.98905662,2017-07-31,40.66622971
1378,bk-06-145909,-73.991789,2017-07-15,40.666903999999995
1379,bk-07-145887,-73.99371500000001,2017-07-15,40.664406
1380,bk-07-145867,-73.99601700000001,2017-07-15,40.662189
1381,bk-07-145886,-73.99953199999999,2017-07-15,40.658808
1382,bk-07-145866,-74.00068900000001,2017-07-15,40.657703999999995
1383,bk-07-145901,-74.002053,2017-07-31,40.656384
1384,bk-07-145862,-74.00305032,2017-07-01,40.6554376
1385,bk-07-145865,-74.00440376,2017-07-15,40.65413323
1386,qu-09-GF44371,-73.83136082,2017-10-14,40.70753055
1387,qu-09-GF44372,-73.83157897,2017-10-14,40.70615073
1388,qu-02-GF44375,-73.92206966,2017-10-14,40.73968025
1389,bk-06-145871,-73.97573017,2017-07-20,40.68103872
1390,bk-02-145868,-73.96775318,2017-07-15,40.68226753
1391,bk-08-145935,-73.96466835,2017-09-23,40.68088788
1392,bk-08-145908,-73.96451072,2017-08-10,40.68023805
1393,bk-08-145920,-73.96373,2017-08-31,40.678540000000005
1394,bk-05-126737,-73.86809486,2017-09-23,40.69102143
1395,bk-05-145943,-73.872079,2017-09-29,40.683506
1396,bk-05-145942,-73.87137973,2017-09-29,40.68382059
1397,bk-05-145941,-73.87053741,2017-09-29,40.68406084
1398,bk-05-145940,-73.8689745267,2017-09-29,40.6846250906
1399,bk-05-145939,-73.86830878970001,2017-09-29,40.684701553800004
1400,bk-05-145938,-73.86677733,2017-09-29,40.68513094
1401,bk-05-145932,-73.89716745,2017-09-17,40.67647467
1402,bk-05-145931,-73.89746353,2017-09-17,40.67722165
1403,bk-05-145937,-73.89835842,2017-09-23,40.67699412
1404,bk-05-145936,-73.89921208,2017-09-23,40.67704253
1405,bk-05-145945,-73.90195137,2017-09-29,40.67754
1406,bk-05-145944,-73.90299005,2017-09-29,40.67789498
1407,bk-16-145963,-73.90430067,2017-09-30,40.67786155
1408,bk-16-145930,-73.90590131,2017-09-17,40.67784547
1409,bk-17-145928,-73.94554463,2017-09-17,40.65094749
1410,bk-17-145927,-73.947834,2017-09-17,40.650962
1411,bk-17-GF33476,-73.952414,2017-09-30,40.648733
1412,bk-14-145929,-73.95596197,2017-09-17,40.64868919
1413,bk-14-145949,-73.95781959,2017-09-17,40.64860712
